Student ID,average_score,assessments_completed,performance_trend,risk_score,progress_in_semester,max_consecutive_misses
11344540,100.0,1,0.0,42.15,0.1,0
11415937,100.0,1,0.0,86.73,0.1,0
11619654,100.0,1,0.0,27.38,0.1,0
12237308,100.0,1,0.0,40.22,0.1,0
13434594,100.0,1,0.0,56.41,0.1,0
13489175,100.0,1,0.0,20.13,0.1,0
13584790,100.0,1,0.0,49.04,0.1,0
14700855,100.0,1,0.0,38.9,0.1,0
14859968,89.2,1,0.0,87.55,0.1,0
16052899,100.0,1,0.0,71.44,0.1,0
16112416,100.0,1,0.0,29.25,0.1,0
16153010,100.0,1,0.0,36.7,0.1,0
16367724,100.0,1,0.0,60.94,0.1,0
16650465,100.0,1,0.0,57.44,0.1,0
16729597,100.0,1,0.0,81.59,0.1,0
17186416,100.0,1,0.0,52.87,0.1,0
17369011,100.0,1,0.0,49.65,0.1,0
17650346,100.0,1,0.0,60.35,0.1,0
17954135,100.0,1,0.0,50.54,0.1,0
18021763,100.0,1,0.0,64.53,0.1,0
18237587,100.0,1,0.0,65.94,0.1,0
18256197,100.0,1,0.0,44.93,0.1,0
18835220,100.0,1,0.0,73.98,0.1,0
18864892,100.0,1,0.0,55.96,0.1,0
19236487,23.0,1,0.0,32.2,0.1,0
19304298,100.0,1,0.0,38.94,0.1,0
19514933,100.0,1,0.0,58.95,0.1,0
19516358,100.0,1,0.0,17.37,0.1,0
19546495,100.0,1,0.0,45.85,0.1,0
19581852,100.0,1,0.0,58.15,0.1,0
19758663,100.0,1,0.0,31.52,0.1,0
20031894,100.0,1,0.0,43.95,0.1,0
20203060,100.0,1,0.0,64.8,0.1,0
20534390,100.0,1,0.0,65.4,0.1,0
20774325,100.0,1,0.0,71.72,0.1,0
21399574,100.0,1,0.0,42.51,0.1,0
22069035,100.0,1,0.0,42.03,0.1,0
22305824,100.0,1,0.0,20.08,0.1,0
22771717,0.0,0,0.0,43.16,0.1,1
23223428,100.0,1,0.0,85.95,0.1,0
23706913,100.0,1,0.0,63.08,0.1,0
24051593,100.0,1,0.0,65.61,0.1,0
24264303,100.0,1,0.0,47.44,0.1,0
24602305,0.0,0,0.0,92.3,0.1,1
24667465,100.0,1,0.0,34.37,0.1,0
24774049,100.0,1,0.0,35.83,0.1,0
24829216,100.0,1,0.0,42.45,0.1,0
24925539,100.0,1,0.0,16.91,0.1,0
25053710,100.0,1,0.0,30.94,0.1,0
25199098,100.0,1,0.0,49.57,0.1,0
25591540,100.0,1,0.0,85.26,0.1,0
25624838,100.0,1,0.0,49.3,0.1,0
26550709,100.0,1,0.0,49.29,0.1,0
26822069,100.0,1,0.0,29.63,0.1,0
26823453,100.0,1,0.0,52.32,0.1,0
26829717,100.0,1,0.0,57.11,0.1,0
27183343,94.0,1,0.0,65.52,0.1,0
27219633,100.0,1,0.0,39.89,0.1,0
27227646,100.0,1,0.0,53.07,0.1,0
27276779,100.0,1,0.0,24.01,0.1,0
27811787,100.0,1,0.0,25.1,0.1,0
27821042,100.0,1,0.0,23.78,0.1,0
28157718,100.0,1,0.0,88.5,0.1,0
28747258,100.0,1,0.0,22.8,0.1,0
28851363,100.0,1,0.0,31.63,0.1,0
29180761,100.0,1,0.0,74.93,0.1,0
29219341,100.0,1,0.0,21.08,0.1,0
29238104,100.0,1,0.0,2.88,0.1,0
29619407,85.6,1,0.0,75.52,0.1,0
29965095,100.0,1,0.0,33.03,0.1,0
30245378,100.0,1,0.0,40.04,0.1,0
30404921,100.0,1,0.0,31.36,0.1,0
30574788,100.0,1,0.0,98.0,0.1,0
30659534,100.0,1,0.0,58.12,0.1,0
30938596,100.0,1,0.0,47.07,0.1,0
31044070,100.0,1,0.0,54.25,0.1,0
31288217,100.0,1,0.0,41.94,0.1,0
31331355,100.0,1,0.0,79.35,0.1,0
31466812,100.0,1,0.0,60.92,0.1,0
31483285,100.0,1,0.0,47.25,0.1,0
31604156,100.0,1,0.0,72.87,0.1,0
31619745,100.0,1,0.0,72.7,0.1,0
31655246,100.0,1,0.0,76.71,0.1,0
31707417,96.0,1,0.0,78.73,0.1,0
31783869,100.0,1,0.0,67.87,0.1,0
31870945,100.0,1,0.0,58.27,0.1,0
32050733,100.0,1,0.0,47.44,0.1,0
32199265,100.0,1,0.0,35.25,0.1,0
32202479,49.0,1,0.0,81.46,0.1,0
32534085,100.0,1,0.0,69.31,0.1,0
32634975,66.6,1,0.0,85.28,0.1,0
32712383,100.0,1,0.0,60.73,0.1,0
32751216,100.0,1,0.0,41.19,0.1,0
32779192,0.0,0,0.0,97.0,0.1,1
32973698,100.0,1,0.0,11.26,0.1,0
33025706,100.0,1,0.0,67.02,0.1,0
33584628,100.0,1,0.0,74.73,0.1,0
34026803,80.0,1,0.0,90.16,0.1,0
34085243,100.0,1,0.0,87.35,0.1,0
34106098,100.0,1,0.0,62.8,0.1,0
34435608,80.0,1,0.0,96.92,0.1,0
34534147,100.0,1,0.0,74.94,0.1,0
34826933,100.0,1,0.0,40.9,0.1,0
34836465,100.0,1,0.0,26.53,0.1,0
35195294,100.0,1,0.0,22.09,0.1,0
35228724,100.0,1,0.0,84.41,0.1,0
35638989,100.0,1,0.0,82.49,0.1,0
35693299,100.0,1,0.0,62.61,0.1,0
35961483,100.0,1,0.0,70.23,0.1,0
36207660,100.0,1,0.0,35.63,0.1,0
36559567,100.0,1,0.0,65.8,0.1,0
37615874,100.0,1,0.0,59.83,0.1,0
37802285,100.0,1,0.0,37.64,0.1,0
37949742,100.0,1,0.0,72.99,0.1,0
39057051,100.0,1,0.0,70.81,0.1,0
39072447,100.0,1,0.0,60.91,0.1,0
39591036,100.0,1,0.0,99.0,0.1,0
39671270,100.0,1,0.0,65.9,0.1,0
40745362,100.0,1,0.0,47.58,0.1,0
41018065,100.0,1,0.0,86.09,0.1,0
41238410,100.0,1,0.0,77.71,0.1,0
41238817,100.0,1,0.0,71.72,0.1,0
41392674,100.0,1,0.0,71.61,0.1,0
41437101,100.0,1,0.0,31.5,0.1,0
41749388,100.0,1,0.0,16.93,0.1,0
41886521,100.0,1,0.0,14.78,0.1,0
42625208,100.0,1,0.0,45.02,0.1,0
42705350,94.0,1,0.0,64.08,0.1,0
42843256,100.0,1,0.0,24.29,0.1,0
43867886,80.0,1,0.0,58.51,0.1,0
44140322,100.0,1,0.0,65.25,0.1,0
44415509,100.0,1,0.0,46.85,0.1,0
44435353,100.0,1,0.0,47.41,0.1,0
44697524,100.0,1,0.0,74.29,0.1,0
45239869,100.0,1,0.0,58.12,0.1,0
45411597,100.0,1,0.0,78.35,0.1,0
45581496,100.0,1,0.0,37.82,0.1,0
46089625,100.0,1,0.0,76.36,0.1,0
46149948,100.0,1,0.0,39.47,0.1,0
46298750,100.0,1,0.0,64.62,0.1,0
47053476,100.0,1,0.0,30.94,0.1,0
47812491,45.6,1,0.0,57.89,0.1,0
48064815,100.0,1,0.0,43.44,0.1,0
48200382,100.0,1,0.0,92.67,0.1,0
48342530,100.0,1,0.0,73.38,0.1,0
48536684,100.0,1,0.0,18.05,0.1,0
49306699,80.6,1,0.0,86.69,0.1,0
49456196,100.0,1,0.0,34.54,0.1,0
51597404,100.0,1,0.0,15.14,0.1,0
51748245,100.0,1,0.0,30.7,0.1,0
52010981,100.0,1,0.0,74.01,0.1,0
52139328,100.0,1,0.0,36.89,0.1,0
52796411,100.0,1,0.0,60.69,0.1,0
52819296,100.0,1,0.0,67.73,0.1,0
52889027,100.0,1,0.0,32.08,0.1,0
53522318,100.0,1,0.0,63.05,0.1,0
53690948,100.0,1,0.0,58.59,0.1,0
53990039,100.0,1,0.0,63.31,0.1,0
54179437,100.0,1,0.0,54.58,0.1,0
54721717,100.0,1,0.0,82.55,0.1,0
55057476,100.0,1,0.0,40.54,0.1,0
55480169,100.0,1,0.0,41.39,0.1,0
56823431,100.0,1,0.0,75.41,0.1,0
57558661,100.0,1,0.0,29.81,0.1,0
57809216,100.0,1,0.0,30.15,0.1,0
58041923,100.0,1,0.0,84.25,0.1,0
58548383,100.0,1,0.0,44.75,0.1,0
59163655,0.0,0,0.0,100.0,0.1,1
59471439,100.0,1,0.0,65.33,0.1,0
59981065,100.0,1,0.0,32.11,0.1,0
60270104,100.0,1,0.0,39.84,0.1,0
60401339,100.0,1,0.0,78.54,0.1,0
60742408,100.0,1,0.0,36.67,0.1,0
60851962,100.0,1,0.0,80.33,0.1,0
62722675,100.0,1,0.0,58.43,0.1,0
63660864,100.0,1,0.0,29.97,0.1,0
64169635,100.0,1,0.0,47.71,0.1,0
64481181,100.0,1,0.0,20.42,0.1,0
64732981,100.0,1,0.0,36.13,0.1,0
65519433,100.0,1,0.0,42.89,0.1,0
66057568,100.0,1,0.0,80.3,0.1,0
67581864,100.0,1,0.0,81.28,0.1,0
67765245,95.0,1,0.0,56.76,0.1,0
68170960,89.2,1,0.0,73.32,0.1,0
68533762,100.0,1,0.0,35.44,0.1,0
68760886,100.0,1,0.0,44.03,0.1,0
68912516,100.0,1,0.0,26.26,0.1,0
69106380,100.0,1,0.0,72.21,0.1,0
69577575,91.0,1,0.0,29.42,0.1,0
69615067,100.0,1,0.0,42.88,0.1,0
69766313,100.0,1,0.0,24.03,0.1,0
69974518,94.0,1,0.0,53.47,0.1,0
70068685,75.2,1,0.0,75.99,0.1,0
70207680,100.0,1,0.0,97.41,0.1,0
70210436,100.0,1,0.0,69.42,0.1,0
70467155,100.0,1,0.0,46.36,0.1,0
70494079,100.0,1,0.0,44.27,0.1,0
70532804,100.0,1,0.0,60.68,0.1,0
70741130,100.0,1,0.0,68.24,0.1,0
71074830,100.0,1,0.0,73.26,0.1,0
71347202,94.0,1,0.0,65.02,0.1,0
71714132,100.0,1,0.0,72.83,0.1,0
71745365,81.0,1,0.0,90.6,0.1,0
71897140,100.0,1,0.0,78.2,0.1,0
73316563,100.0,1,0.0,48.44,0.1,0
73368913,100.0,1,0.0,37.21,0.1,0
73572610,100.0,1,0.0,65.95,0.1,0
73618759,100.0,1,0.0,38.01,0.1,0
73630812,100.0,1,0.0,51.26,0.1,0
74105407,100.0,1,0.0,64.79,0.1,0
75611314,100.0,1,0.0,54.56,0.1,0
75801763,100.0,1,0.0,38.86,0.1,0
75858315,100.0,1,0.0,92.28,0.1,0
76060642,100.0,1,0.0,37.89,0.1,0
76391613,100.0,1,0.0,46.22,0.1,0
76507076,100.0,1,0.0,86.63,0.1,0
76647396,100.0,1,0.0,35.52,0.1,0
77289994,100.0,1,0.0,41.03,0.1,0
77340750,100.0,1,0.0,67.41,0.1,0
77384796,100.0,1,0.0,90.96,0.1,0
77444126,100.0,1,0.0,46.53,0.1,0
77494200,100.0,1,0.0,90.54,0.1,0
78031580,100.0,1,0.0,45.6,0.1,0
78406188,100.0,1,0.0,96.31,0.1,0
78552900,100.0,1,0.0,96.96,0.1,0
78950607,100.0,1,0.0,75.61,0.1,0
79821067,100.0,1,0.0,65.89,0.1,0
79951192,100.0,1,0.0,53.13,0.1,0
80150997,100.0,1,0.0,40.92,0.1,0
80531466,100.0,1,0.0,93.88,0.1,0
80606648,100.0,1,0.0,45.0,0.1,0
80760183,100.0,1,0.0,20.54,0.1,0
81569837,100.0,1,0.0,58.22,0.1,0
81706345,100.0,1,0.0,26.4,0.1,0
81741765,100.0,1,0.0,32.27,0.1,0
82066010,89.0,1,0.0,79.62,0.1,0
82519651,100.0,1,0.0,80.77,0.1,0
83974048,100.0,1,0.0,56.86,0.1,0
83982103,100.0,1,0.0,86.75,0.1,0
84073928,100.0,1,0.0,22.07,0.1,0
84323262,100.0,1,0.0,56.89,0.1,0
84693627,80.0,1,0.0,59.7,0.1,0
85432232,100.0,1,0.0,20.51,0.1,0
85952204,100.0,1,0.0,73.19,0.1,0
86450552,100.0,1,0.0,13.19,0.1,0
86480267,100.0,1,0.0,85.73,0.1,0
86657420,100.0,1,0.0,40.49,0.1,0
86964735,100.0,1,0.0,67.16,0.1,0
87089812,100.0,1,0.0,32.27,0.1,0
87636498,100.0,1,0.0,45.55,0.1,0
87682575,100.0,1,0.0,62.05,0.1,0
88408595,100.0,1,0.0,46.98,0.1,0
88423574,100.0,1,0.0,90.56,0.1,0
89517857,100.0,1,0.0,78.23,0.1,0
89951309,100.0,1,0.0,37.05,0.1,0
90272423,100.0,1,0.0,20.69,0.1,0
90613617,100.0,1,0.0,70.64,0.1,0
90665092,100.0,1,0.0,30.98,0.1,0
90743782,80.0,1,0.0,71.04,0.1,0
91262897,100.0,1,0.0,55.7,0.1,0
91935699,95.0,1,0.0,74.05,0.1,0
92303132,100.0,1,0.0,86.32,0.1,0
92809990,100.0,1,0.0,32.39,0.1,0
93133026,100.0,1,0.0,21.81,0.1,0
93489080,100.0,1,0.0,49.4,0.1,0
93682429,0.0,0,0.0,92.0,0.1,1
93786510,91.8,1,0.0,91.09,0.1,0
93915612,100.0,1,0.0,83.61,0.1,0
93925509,100.0,1,0.0,55.08,0.1,0
93973341,100.0,1,0.0,80.8,0.1,0
95216424,100.0,1,0.0,26.17,0.1,0
95575949,100.0,1,0.0,58.04,0.1,0
95770014,91.6,1,0.0,96.68,0.1,0
96135262,100.0,1,0.0,6.81,0.1,0
96398572,100.0,1,0.0,61.58,0.1,0
96706041,100.0,1,0.0,54.66,0.1,0
96792723,94.0,1,0.0,46.04,0.1,0
97192893,100.0,1,0.0,34.14,0.1,0
97811465,100.0,1,0.0,27.6,0.1,0
98417175,100.0,1,0.0,47.92,0.1,0
98524573,100.0,1,0.0,70.44,0.1,0
99057590,100.0,1,0.0,79.45,0.1,0
99355503,100.0,1,0.0,91.6,0.1,0
99911171,0.0,0,0.0,100.0,0.1,1
11344540,100.0,2,0.0,42.15,0.2,0
11415937,100.0,2,0.0,86.73,0.2,0
11619654,100.0,2,0.0,27.38,0.2,0
12237308,100.0,2,0.0,40.22,0.2,0
13434594,100.0,2,0.0,56.41,0.2,0
13489175,100.0,2,0.0,20.13,0.2,0
13584790,100.0,2,0.0,49.04,0.2,0
14700855,100.0,2,0.0,38.9,0.2,0
14859968,68.6,2,-41.2,87.55,0.2,0
16052899,100.0,2,0.0,71.44,0.2,0
16112416,100.0,2,0.0,29.25,0.2,0
16153010,100.0,2,0.0,36.7,0.2,0
16367724,100.0,2,0.0,60.94,0.2,0
16650465,100.0,2,0.0,57.44,0.2,0
16729597,91.25,2,-17.5,81.59,0.2,0
17186416,100.0,2,0.0,52.87,0.2,0
17369011,100.0,2,0.0,49.65,0.2,0
17650346,100.0,2,0.0,60.35,0.2,0
17954135,100.0,2,0.0,50.54,0.2,0
18021763,100.0,2,0.0,64.53,0.2,0
18237587,97.5,2,-5.0,65.94,0.2,0
18256197,100.0,2,0.0,44.93,0.2,0
18835220,98.75,2,-2.5,73.98,0.2,0
18864892,100.0,2,0.0,55.96,0.2,0
19236487,61.5,2,77.0,32.2,0.2,0
19304298,100.0,2,0.0,38.94,0.2,0
19514933,100.0,2,0.0,58.95,0.2,0
19516358,100.0,2,0.0,17.37,0.2,0
19546495,98.75,2,-2.5,45.85,0.2,0
19581852,100.0,2,0.0,58.15,0.2,0
19758663,100.0,2,0.0,31.52,0.2,0
20031894,100.0,2,0.0,43.95,0.2,0
20203060,100.0,2,0.0,64.8,0.2,0
20534390,100.0,2,0.0,65.4,0.2,0
20774325,100.0,2,0.0,71.72,0.2,0
21399574,100.0,2,0.0,42.51,0.2,0
22069035,99.58,2,-0.83,42.03,0.2,0
22305824,100.0,2,0.0,20.08,0.2,0
22771717,0.0,0,0.0,43.16,0.2,2
23223428,83.33,2,-33.33,85.95,0.2,0
23706913,100.0,2,0.0,63.08,0.2,0
24051593,100.0,2,0.0,65.61,0.2,0
24264303,100.0,2,0.0,47.44,0.2,0
24602305,0.0,0,0.0,92.3,0.2,2
24667465,100.0,2,0.0,34.37,0.2,0
24774049,100.0,2,0.0,35.83,0.2,0
24829216,100.0,2,0.0,42.45,0.2,0
24925539,100.0,2,0.0,16.91,0.2,0
25053710,100.0,2,0.0,30.94,0.2,0
25199098,100.0,2,0.0,49.57,0.2,0
25591540,100.0,2,0.0,85.26,0.2,0
25624838,100.0,2,0.0,49.3,0.2,0
26550709,100.0,2,0.0,49.29,0.2,0
26822069,100.0,2,0.0,29.63,0.2,0
26823453,100.0,2,0.0,52.32,0.2,0
26829717,100.0,2,0.0,57.11,0.2,0
27183343,97.0,2,6.0,65.52,0.2,0
27219633,100.0,2,0.0,39.89,0.2,0
27227646,100.0,2,0.0,53.07,0.2,0
27276779,100.0,2,0.0,24.01,0.2,0
27811787,100.0,2,0.0,25.1,0.2,0
27821042,100.0,2,0.0,23.78,0.2,0
28157718,95.67,2,-8.67,88.5,0.2,0
28747258,83.33,2,-33.33,22.8,0.2,0
28851363,100.0,2,0.0,31.63,0.2,0
29180761,99.0,2,-2.0,74.93,0.2,0
29219341,100.0,2,0.0,21.08,0.2,0
29238104,100.0,2,0.0,2.88,0.2,0
29619407,89.05,2,6.9,75.52,0.2,0
29965095,100.0,2,0.0,33.03,0.2,0
30245378,99.0,2,-2.0,40.04,0.2,0
30404921,100.0,2,0.0,31.36,0.2,0
30574788,50.0,1,0.0,98.0,0.2,1
30659534,100.0,2,0.0,58.12,0.2,0
30938596,100.0,2,0.0,47.07,0.2,0
31044070,100.0,2,0.0,54.25,0.2,0
31288217,100.0,2,0.0,41.94,0.2,0
31331355,100.0,2,0.0,79.35,0.2,0
31466812,98.75,2,-2.5,60.92,0.2,0
31483285,100.0,2,0.0,47.25,0.2,0
31604156,100.0,2,0.0,72.87,0.2,0
31619745,100.0,2,0.0,72.7,0.2,0
31655246,100.0,2,0.0,76.71,0.2,0
31707417,81.33,2,-29.33,78.73,0.2,0
31783869,100.0,2,0.0,67.87,0.2,0
31870945,100.0,2,0.0,58.27,0.2,0
32050733,100.0,2,0.0,47.44,0.2,0
32199265,100.0,2,0.0,35.25,0.2,0
32202479,57.83,2,17.67,81.46,0.2,0
32534085,99.17,2,-1.67,69.31,0.2,0
32634975,75.8,2,18.4,85.28,0.2,0
32712383,100.0,2,0.0,60.73,0.2,0
32751216,100.0,2,0.0,41.19,0.2,0
32779192,50.0,1,0.0,97.0,0.2,1
32973698,100.0,2,0.0,11.26,0.2,0
33025706,94.25,2,-11.5,67.02,0.2,0
33584628,100.0,2,0.0,74.73,0.2,0
34026803,52.83,2,-54.33,90.16,0.2,0
34085243,100.0,2,0.0,87.35,0.2,0
34106098,99.58,2,-0.83,62.8,0.2,0
34435608,65.0,2,-30.0,96.92,0.2,0
34534147,100.0,2,0.0,74.94,0.2,0
34826933,100.0,2,0.0,40.9,0.2,0
34836465,100.0,2,0.0,26.53,0.2,0
35195294,99.58,2,-0.83,22.09,0.2,0
35228724,100.0,2,0.0,84.41,0.2,0
35638989,100.0,2,0.0,82.49,0.2,0
35693299,100.0,2,0.0,62.61,0.2,0
35961483,100.0,2,0.0,70.23,0.2,0
36207660,100.0,2,0.0,35.63,0.2,0
36559567,100.0,2,0.0,65.8,0.2,0
37615874,100.0,2,0.0,59.83,0.2,0
37802285,100.0,2,0.0,37.64,0.2,0
37949742,100.0,2,0.0,72.99,0.2,0
39057051,100.0,2,0.0,70.81,0.2,0
39072447,75.0,2,-50.0,60.91,0.2,0
39591036,50.0,1,0.0,99.0,0.2,1
39671270,100.0,2,0.0,65.9,0.2,0
40745362,100.0,2,0.0,47.58,0.2,0
41018065,50.0,1,0.0,86.09,0.2,1
41238410,100.0,2,0.0,77.71,0.2,0
41238817,100.0,2,0.0,71.72,0.2,0
41392674,83.33,2,-33.33,71.61,0.2,0
41437101,100.0,2,0.0,31.5,0.2,0
41749388,100.0,2,0.0,16.93,0.2,0
41886521,100.0,2,0.0,14.78,0.2,0
42625208,91.67,2,-16.67,45.02,0.2,0
42705350,97.0,2,6.0,64.08,0.2,0
42843256,100.0,2,0.0,24.29,0.2,0
43867886,90.0,2,20.0,58.51,0.2,0
44140322,100.0,2,0.0,65.25,0.2,0
44415509,100.0,2,0.0,46.85,0.2,0
44435353,100.0,2,0.0,47.41,0.2,0
44697524,100.0,2,0.0,74.29,0.2,0
45239869,100.0,2,0.0,58.12,0.2,0
45411597,100.0,2,0.0,78.35,0.2,0
45581496,100.0,2,0.0,37.82,0.2,0
46089625,100.0,2,0.0,76.36,0.2,0
46149948,100.0,2,0.0,39.47,0.2,0
46298750,100.0,2,0.0,64.62,0.2,0
47053476,100.0,2,0.0,30.94,0.2,0
47812491,65.13,2,39.07,57.89,0.2,0
48064815,91.67,2,-16.67,43.44,0.2,0
48200382,83.33,2,-33.33,92.67,0.2,0
48342530,100.0,2,0.0,73.38,0.2,0
48536684,100.0,2,0.0,18.05,0.2,0
49306699,89.47,2,17.73,86.69,0.2,0
49456196,100.0,2,0.0,34.54,0.2,0
51597404,100.0,2,0.0,15.14,0.2,0
51748245,100.0,2,0.0,30.7,0.2,0
52010981,95.83,2,-8.33,74.01,0.2,0
52139328,100.0,2,0.0,36.89,0.2,0
52796411,57.92,2,-84.17,60.69,0.2,0
52819296,100.0,2,0.0,67.73,0.2,0
52889027,100.0,2,0.0,32.08,0.2,0
53522318,85.83,2,-28.33,63.05,0.2,0
53690948,100.0,2,0.0,58.59,0.2,0
53990039,95.67,2,-8.67,63.31,0.2,0
54179437,100.0,2,0.0,54.58,0.2,0
54721717,100.0,2,0.0,82.55,0.2,0
55057476,100.0,2,0.0,40.54,0.2,0
55480169,100.0,2,0.0,41.39,0.2,0
56823431,100.0,2,0.0,75.41,0.2,0
57558661,100.0,2,0.0,29.81,0.2,0
57809216,100.0,2,0.0,30.15,0.2,0
58041923,100.0,2,0.0,84.25,0.2,0
58548383,100.0,2,0.0,44.75,0.2,0
59163655,0.0,0,0.0,100.0,0.2,2
59471439,100.0,2,0.0,65.33,0.2,0
59981065,100.0,2,0.0,32.11,0.2,0
60270104,100.0,2,0.0,39.84,0.2,0
60401339,100.0,2,0.0,78.54,0.2,0
60742408,100.0,2,0.0,36.67,0.2,0
60851962,100.0,2,0.0,80.33,0.2,0
62722675,100.0,2,0.0,58.43,0.2,0
63660864,100.0,2,0.0,29.97,0.2,0
64169635,100.0,2,0.0,47.71,0.2,0
64481181,100.0,2,0.0,20.42,0.2,0
64732981,100.0,2,0.0,36.13,0.2,0
65519433,100.0,2,0.0,42.89,0.2,0
66057568,100.0,2,0.0,80.3,0.2,0
67581864,100.0,2,0.0,81.28,0.2,0
67765245,97.5,2,5.0,56.76,0.2,0
68170960,87.1,2,-4.2,73.32,0.2,0
68533762,100.0,2,0.0,35.44,0.2,0
68760886,100.0,2,0.0,44.03,0.2,0
68912516,100.0,2,0.0,26.26,0.2,0
69106380,100.0,2,0.0,72.21,0.2,0
69577575,95.5,2,9.0,29.42,0.2,0
69615067,100.0,2,0.0,42.88,0.2,0
69766313,100.0,2,0.0,24.03,0.2,0
69974518,97.0,2,6.0,53.47,0.2,0
70068685,70.93,2,-8.53,75.99,0.2,0
70207680,75.0,2,-50.0,97.41,0.2,0
70210436,100.0,2,0.0,69.42,0.2,0
70467155,100.0,2,0.0,46.36,0.2,0
70494079,100.0,2,0.0,44.27,0.2,0
70532804,83.33,2,-33.33,60.68,0.2,0
70741130,100.0,2,0.0,68.24,0.2,0
71074830,100.0,2,0.0,73.26,0.2,0
71347202,97.0,2,6.0,65.02,0.2,0
71714132,100.0,2,0.0,72.83,0.2,0
71745365,82.83,2,3.67,90.6,0.2,0
71897140,100.0,2,0.0,78.2,0.2,0
73316563,100.0,2,0.0,48.44,0.2,0
73368913,50.0,1,0.0,37.21,0.2,1
73572610,100.0,2,0.0,65.95,0.2,0
73618759,100.0,2,0.0,38.01,0.2,0
73630812,100.0,2,0.0,51.26,0.2,0
74105407,100.0,2,0.0,64.79,0.2,0
75611314,100.0,2,0.0,54.56,0.2,0
75801763,100.0,2,0.0,38.86,0.2,0
75858315,50.0,1,0.0,92.28,0.2,1
76060642,100.0,2,0.0,37.89,0.2,0
76391613,100.0,2,0.0,46.22,0.2,0
76507076,100.0,2,0.0,86.63,0.2,0
76647396,76.17,2,-47.67,35.52,0.2,0
77289994,100.0,2,0.0,41.03,0.2,0
77340750,100.0,2,0.0,67.41,0.2,0
77384796,100.0,2,0.0,90.96,0.2,0
77444126,96.5,2,-7.0,46.53,0.2,0
77494200,82.33,2,-35.33,90.54,0.2,0
78031580,100.0,2,0.0,45.6,0.2,0
78406188,100.0,2,0.0,96.31,0.2,0
78552900,100.0,2,0.0,96.96,0.2,0
78950607,100.0,2,0.0,75.61,0.2,0
79821067,100.0,2,0.0,65.89,0.2,0
79951192,100.0,2,0.0,53.13,0.2,0
80150997,100.0,2,0.0,40.92,0.2,0
80531466,91.67,2,-16.67,93.88,0.2,0
80606648,100.0,2,0.0,45.0,0.2,0
80760183,100.0,2,0.0,20.54,0.2,0
81569837,100.0,2,0.0,58.22,0.2,0
81706345,100.0,2,0.0,26.4,0.2,0
81741765,100.0,2,0.0,32.27,0.2,0
82066010,89.92,2,1.83,79.62,0.2,0
82519651,97.42,2,-5.17,80.77,0.2,0
83974048,95.0,2,-10.0,56.86,0.2,0
83982103,73.75,2,-52.5,86.75,0.2,0
84073928,100.0,2,0.0,22.07,0.2,0
84323262,100.0,2,0.0,56.89,0.2,0
84693627,40.0,1,0.0,59.7,0.2,1
85432232,100.0,2,0.0,20.51,0.2,0
85952204,100.0,2,0.0,73.19,0.2,0
86450552,100.0,2,0.0,13.19,0.2,0
86480267,100.0,2,0.0,85.73,0.2,0
86657420,100.0,2,0.0,40.49,0.2,0
86964735,100.0,2,0.0,67.16,0.2,0
87089812,100.0,2,0.0,32.27,0.2,0
87636498,100.0,2,0.0,45.55,0.2,0
87682575,99.58,2,-0.83,62.05,0.2,0
88408595,100.0,2,0.0,46.98,0.2,0
88423574,100.0,2,0.0,90.56,0.2,0
89517857,96.67,2,-6.67,78.23,0.2,0
89951309,87.5,2,-25.0,37.05,0.2,0
90272423,100.0,2,0.0,20.69,0.2,0
90613617,100.0,2,0.0,70.64,0.2,0
90665092,100.0,2,0.0,30.98,0.2,0
90743782,83.33,2,6.67,71.04,0.2,0
91262897,82.5,2,-35.0,55.7,0.2,0
91935699,97.5,2,5.0,74.05,0.2,0
92303132,91.67,2,-16.67,86.32,0.2,0
92809990,100.0,2,0.0,32.39,0.2,0
93133026,100.0,2,0.0,21.81,0.2,0
93489080,100.0,2,0.0,49.4,0.2,0
93682429,50.0,1,0.0,92.0,0.2,1
93786510,65.57,2,-52.47,91.09,0.2,0
93915612,100.0,2,0.0,83.61,0.2,0
93925509,100.0,2,0.0,55.08,0.2,0
93973341,91.67,2,-16.67,80.8,0.2,0
95216424,100.0,2,0.0,26.17,0.2,0
95575949,100.0,2,0.0,58.04,0.2,0
95770014,78.13,2,-26.93,96.68,0.2,0
96135262,100.0,2,0.0,6.81,0.2,0
96398572,100.0,2,0.0,61.58,0.2,0
96706041,100.0,2,0.0,54.66,0.2,0
96792723,97.0,2,6.0,46.04,0.2,0
97192893,100.0,2,0.0,34.14,0.2,0
97811465,100.0,2,0.0,27.6,0.2,0
98417175,90.83,2,-18.33,47.92,0.2,0
98524573,100.0,2,0.0,70.44,0.2,0
99057590,100.0,2,0.0,79.45,0.2,0
99355503,100.0,2,0.0,91.6,0.2,0
99911171,0.0,0,0.0,100.0,0.2,2
11344540,100.0,3,0.0,42.15,0.3,0
11415937,89.05,3,-32.86,86.73,0.3,0
11619654,97.14,3,-8.57,27.38,0.3,0
12237308,100.0,3,0.0,40.22,0.3,0
13434594,95.24,3,-14.29,56.41,0.3,0
13489175,100.0,3,0.0,20.13,0.3,0
13584790,90.95,3,-27.14,49.04,0.3,0
14700855,93.81,3,-18.57,38.9,0.3,0
14859968,50.5,3,-74.91,87.55,0.3,0
16052899,93.24,3,-20.29,71.44,0.3,0
16112416,100.0,3,0.0,29.25,0.3,0
16153010,100.0,3,0.0,36.7,0.3,0
16367724,85.71,3,-42.86,60.94,0.3,0
16650465,89.05,3,-32.86,57.44,0.3,0
16729597,68.93,3,-75.71,81.59,0.3,0
17186416,100.0,3,0.0,52.87,0.3,0
17369011,92.76,3,-21.71,49.65,0.3,0
17650346,95.24,3,-14.29,60.35,0.3,0
17954135,93.24,3,-20.29,50.54,0.3,0
18021763,100.0,3,0.0,64.53,0.3,0
18237587,65.0,2,-5.0,65.94,0.3,1
18256197,95.24,3,-14.29,44.93,0.3,0
18835220,87.26,3,-35.71,73.98,0.3,0
18864892,100.0,3,0.0,55.96,0.3,0
19236487,41.0,2,77.0,32.2,0.3,1
19304298,97.86,3,-6.43,38.94,0.3,0
19514933,90.48,3,-28.57,58.95,0.3,0
19516358,100.0,3,0.0,17.37,0.3,0
19546495,89.88,3,-27.86,45.85,0.3,0
19581852,70.48,3,-88.57,58.15,0.3,0
19758663,100.0,3,0.0,31.52,0.3,0
20031894,100.0,3,0.0,43.95,0.3,0
20203060,92.76,3,-21.71,64.8,0.3,0
20534390,93.81,3,-18.57,65.4,0.3,0
20774325,89.05,3,-32.86,71.72,0.3,0
21399574,98.1,3,-5.71,42.51,0.3,0
22069035,94.96,3,-14.29,42.03,0.3,0
22305824,100.0,3,0.0,20.08,0.3,0
22771717,0.0,0,0.0,43.16,0.3,3
23223428,79.37,3,-28.57,85.95,0.3,0
23706913,97.14,3,-8.57,63.08,0.3,0
24051593,96.67,3,-10.0,65.61,0.3,0
24264303,100.0,3,0.0,47.44,0.3,0
24602305,0.0,0,0.0,92.3,0.3,3
24667465,100.0,3,0.0,34.37,0.3,0
24774049,96.67,3,-10.0,35.83,0.3,0
24829216,96.19,3,-11.43,42.45,0.3,0
24925539,100.0,3,0.0,16.91,0.3,0
25053710,99.05,3,-2.86,30.94,0.3,0
25199098,90.48,3,-28.57,49.57,0.3,0
25591540,66.67,2,0.0,85.26,0.3,1
25624838,100.0,3,0.0,49.3,0.3,0
26550709,88.1,3,-35.71,49.29,0.3,0
26822069,100.0,3,0.0,29.63,0.3,0
26823453,100.0,3,0.0,52.32,0.3,0
26829717,100.0,3,0.0,57.11,0.3,0
27183343,94.67,3,-4.0,65.52,0.3,0
27219633,93.81,3,-18.57,39.89,0.3,0
27227646,85.48,3,-43.57,53.07,0.3,0
27276779,100.0,3,0.0,24.01,0.3,0
27811787,100.0,3,0.0,25.1,0.3,0
27821042,100.0,3,0.0,23.78,0.3,0
28157718,87.59,3,-28.57,88.5,0.3,0
28747258,86.03,3,-8.57,22.8,0.3,0
28851363,100.0,3,0.0,31.63,0.3,0
29180761,80.76,3,-55.71,74.93,0.3,0
29219341,100.0,3,0.0,21.08,0.3,0
29238104,100.0,3,0.0,2.88,0.3,0
29619407,81.75,3,-18.46,75.52,0.3,0
29965095,97.62,3,-7.14,33.03,0.3,0
30245378,84.57,3,-44.29,40.04,0.3,0
30404921,100.0,3,0.0,31.36,0.3,0
30574788,66.67,2,0.0,98.0,0.3,1
30659534,83.52,3,-49.43,58.12,0.3,0
30938596,93.81,3,-18.57,47.07,0.3,0
31044070,85.33,3,-44.0,54.25,0.3,0
31288217,93.81,3,-18.57,41.94,0.3,0
31331355,95.24,3,-14.29,79.35,0.3,0
31466812,89.64,3,-28.57,60.92,0.3,0
31483285,98.57,3,-4.29,47.25,0.3,0
31604156,98.57,3,-4.29,72.87,0.3,0
31619745,100.0,3,0.0,72.7,0.3,0
31655246,97.14,3,-8.57,76.71,0.3,0
31707417,71.84,3,-43.14,78.73,0.3,0
31783869,83.57,3,-49.29,67.87,0.3,0
31870945,96.67,3,-10.0,58.27,0.3,0
32050733,99.05,3,-2.86,47.44,0.3,0
32199265,95.24,3,-14.29,35.25,0.3,0
32202479,57.6,3,8.14,81.46,0.3,0
32534085,89.92,3,-28.57,69.31,0.3,0
32634975,57.68,3,-45.17,85.28,0.3,0
32712383,95.24,3,-14.29,60.73,0.3,0
32751216,98.1,3,-5.71,41.19,0.3,0
32779192,41.9,2,-74.29,97.0,0.3,1
32973698,100.0,3,0.0,11.26,0.3,0
33025706,84.5,3,-35.0,67.02,0.3,0
33584628,95.71,3,-12.86,74.73,0.3,0
34026803,42.84,3,-57.14,90.16,0.3,0
34085243,92.0,3,-24.0,87.35,0.3,0
34106098,66.39,2,-0.83,62.8,0.3,1
34435608,43.33,2,-30.0,96.92,0.3,1
34534147,71.43,3,-85.71,74.94,0.3,0
34826933,100.0,3,0.0,40.9,0.3,0
34836465,100.0,3,0.0,26.53,0.3,0
35195294,99.72,3,0.0,22.09,0.3,0
35228724,71.43,3,-85.71,84.41,0.3,0
35638989,95.24,3,-14.29,82.49,0.3,0
35693299,98.57,3,-4.29,62.61,0.3,0
35961483,100.0,3,0.0,70.23,0.3,0
36207660,100.0,3,0.0,35.63,0.3,0
36559567,84.76,3,-45.71,65.8,0.3,0
37615874,95.24,3,-14.29,59.83,0.3,0
37802285,79.52,3,-61.43,37.64,0.3,0
37949742,98.57,3,-4.29,72.99,0.3,0
39057051,90.0,3,-30.0,70.81,0.3,0
39072447,68.1,3,-45.71,60.91,0.3,0
39591036,33.33,1,0.0,99.0,0.3,2
39671270,68.57,3,-94.29,65.9,0.3,0
40745362,100.0,3,0.0,47.58,0.3,0
41018065,42.86,2,-71.43,86.09,0.3,1
41238410,96.67,3,-10.0,77.71,0.3,0
41238817,100.0,3,0.0,71.72,0.3,0
41392674,79.37,3,-28.57,71.61,0.3,0
41437101,100.0,3,0.0,31.5,0.3,0
41749388,100.0,3,0.0,16.93,0.3,0
41886521,100.0,3,0.0,14.78,0.3,0
42625208,78.97,3,-46.43,45.02,0.3,0
42705350,95.14,3,-2.57,64.08,0.3,0
42843256,100.0,3,0.0,24.29,0.3,0
43867886,93.33,3,20.0,58.51,0.3,0
44140322,91.43,3,-25.71,65.25,0.3,0
44415509,91.9,3,-24.29,46.85,0.3,0
44435353,81.9,3,-54.29,47.41,0.3,0
44697524,90.48,3,-28.57,74.29,0.3,0
45239869,88.33,3,-35.0,58.12,0.3,0
45411597,89.05,3,-32.86,78.35,0.3,0
45581496,95.24,3,-14.29,37.82,0.3,0
46089625,83.62,3,-49.14,76.36,0.3,0
46149948,89.05,3,-32.86,39.47,0.3,0
46298750,99.05,3,-2.86,64.62,0.3,0
47053476,100.0,3,0.0,30.94,0.3,0
47812491,71.52,3,38.69,57.89,0.3,0
48064815,90.63,3,-11.43,43.44,0.3,0
48200382,60.32,3,-85.71,92.67,0.3,0
48342530,82.38,3,-52.86,73.38,0.3,0
48536684,100.0,3,0.0,18.05,0.3,0
49306699,80.12,3,-19.17,86.69,0.3,0
49456196,100.0,3,0.0,34.54,0.3,0
51597404,100.0,3,0.0,15.14,0.3,0
51748245,100.0,3,0.0,30.7,0.3,0
52010981,79.6,3,-52.86,74.01,0.3,0
52139328,100.0,3,0.0,36.89,0.3,0
52796411,60.75,3,-33.57,60.69,0.3,0
52819296,90.48,3,-28.57,67.73,0.3,0
52889027,100.0,3,0.0,32.08,0.3,0
53522318,81.51,3,-27.14,63.05,0.3,0
53690948,96.19,3,-11.43,58.59,0.3,0
53990039,88.92,3,-24.57,63.31,0.3,0
54179437,74.76,3,-75.71,54.58,0.3,0
54721717,90.48,3,-28.57,82.55,0.3,0
55057476,89.52,3,-31.43,40.54,0.3,0
55480169,90.48,3,-28.57,41.39,0.3,0
56823431,71.43,3,-85.71,75.41,0.3,0
57558661,99.05,3,-2.86,29.81,0.3,0
57809216,100.0,3,0.0,30.15,0.3,0
58041923,83.81,3,-48.57,84.25,0.3,0
58548383,91.43,3,-25.71,44.75,0.3,0
59163655,0.0,0,0.0,100.0,0.3,3
59471439,97.62,3,-7.14,65.33,0.3,0
59981065,100.0,3,0.0,32.11,0.3,0
60270104,96.19,3,-11.43,39.84,0.3,0
60401339,90.48,3,-28.57,78.54,0.3,0
60742408,97.14,3,-8.57,36.67,0.3,0
60851962,85.71,3,-42.86,80.33,0.3,0
62722675,85.71,3,-42.86,58.43,0.3,0
63660864,91.9,3,-24.29,29.97,0.3,0
64169635,90.48,3,-28.57,47.71,0.3,0
64481181,100.0,3,0.0,20.42,0.3,0
64732981,97.62,3,-7.14,36.13,0.3,0
65519433,100.0,3,0.0,42.89,0.3,0
66057568,89.62,3,-31.14,80.3,0.3,0
67581864,85.95,3,-42.14,81.28,0.3,0
67765245,98.33,3,5.0,56.76,0.3,0
68170960,69.97,3,-53.49,73.32,0.3,0
68533762,100.0,3,0.0,35.44,0.3,0
68760886,100.0,3,0.0,44.03,0.3,0
68912516,90.48,3,-28.57,26.26,0.3,0
69106380,70.48,3,-88.57,72.21,0.3,0
69577575,73.19,3,-62.43,29.42,0.3,0
69615067,100.0,3,0.0,42.88,0.3,0
69766313,97.14,3,-8.57,24.03,0.3,0
69974518,79.43,3,-49.71,53.47,0.3,0
70068685,55.38,3,-50.91,75.99,0.3,0
70207680,64.76,3,-55.71,97.41,0.3,0
70210436,93.57,3,-19.29,69.42,0.3,0
70467155,100.0,3,0.0,46.36,0.3,0
70494079,95.24,3,-14.29,44.27,0.3,0
70532804,81.27,3,-22.86,60.68,0.3,0
70741130,83.81,3,-48.57,68.24,0.3,0
71074830,96.67,3,-10.0,73.26,0.3,0
71347202,77.95,3,-54.14,65.02,0.3,0
71714132,95.24,3,-14.29,72.83,0.3,0
71745365,72.84,3,-28.14,90.6,0.3,0
71897140,100.0,3,0.0,78.2,0.3,0
73316563,90.48,3,-28.57,48.44,0.3,0
73368913,61.9,2,-14.29,37.21,0.3,1
73572610,91.05,3,-26.86,65.95,0.3,0
73618759,100.0,3,0.0,38.01,0.3,0
73630812,96.57,3,-10.29,51.26,0.3,0
74105407,99.05,3,-2.86,64.79,0.3,0
75611314,89.29,3,-32.14,54.56,0.3,0
75801763,92.38,3,-22.86,38.86,0.3,0
75858315,33.33,1,0.0,92.28,0.3,2
76060642,86.19,3,-41.43,37.89,0.3,0
76391613,93.48,3,-19.57,46.22,0.3,0
76507076,90.48,3,-28.57,86.63,0.3,0
76647396,69.59,3,-43.57,35.52,0.3,0
77289994,91.81,3,-24.57,41.03,0.3,0
77340750,97.86,3,-6.43,67.41,0.3,0
77384796,76.67,3,-70.0,90.96,0.3,0
77444126,79.67,3,-54.0,46.53,0.3,0
77494200,68.22,3,-60.0,90.54,0.3,0
78031580,97.14,3,-8.57,45.6,0.3,0
78406188,89.52,3,-31.43,96.31,0.3,0
78552900,100.0,3,0.0,96.96,0.3,0
78950607,100.0,3,0.0,75.61,0.3,0
79821067,78.33,3,-65.0,65.89,0.3,0
79951192,100.0,3,0.0,53.13,0.3,0
80150997,100.0,3,0.0,40.92,0.3,0
80531466,63.97,3,-91.43,93.88,0.3,0
80606648,100.0,3,0.0,45.0,0.3,0
80760183,100.0,3,0.0,20.54,0.3,0
81569837,100.0,3,0.0,58.22,0.3,0
81706345,96.19,3,-11.43,26.4,0.3,0
81741765,95.24,3,-14.29,32.27,0.3,0
82066010,81.85,3,-23.29,79.62,0.3,0
82519651,93.99,3,-12.86,80.77,0.3,0
83974048,83.1,3,-40.71,56.86,0.3,0
83982103,56.31,3,-78.57,86.75,0.3,0
84073928,95.24,3,-14.29,22.07,0.3,0
84323262,99.05,3,-2.86,56.89,0.3,0
84693627,26.67,1,0.0,59.7,0.3,2
85432232,99.05,3,-2.86,20.51,0.3,0
85952204,95.24,3,-14.29,73.19,0.3,0
86450552,100.0,3,0.0,13.19,0.3,0
86480267,90.48,3,-28.57,85.73,0.3,0
86657420,100.0,3,0.0,40.49,0.3,0
86964735,96.19,3,-11.43,67.16,0.3,0
87089812,96.67,3,-10.0,32.27,0.3,0
87636498,80.95,3,-57.14,45.55,0.3,0
87682575,77.34,3,-67.14,62.05,0.3,0
88408595,92.19,3,-23.43,46.98,0.3,0
88423574,87.14,3,-38.57,90.56,0.3,0
89517857,86.35,3,-34.29,78.23,0.3,0
89951309,77.38,3,-42.86,37.05,0.3,0
90272423,100.0,3,0.0,20.69,0.3,0
90613617,90.48,3,-28.57,70.64,0.3,0
90665092,100.0,3,0.0,30.98,0.3,0
90743782,69.84,3,-37.14,71.04,0.3,0
91262897,84.52,3,-11.43,55.7,0.3,0
91935699,88.81,3,-23.57,74.05,0.3,0
92303132,82.54,3,-35.71,86.32,0.3,0
92809990,88.33,3,-35.0,32.39,0.3,0
93133026,100.0,3,0.0,21.81,0.3,0
93489080,85.71,3,-42.86,49.4,0.3,0
93682429,33.33,1,0.0,92.0,0.3,1
93786510,43.71,2,-52.47,91.09,0.3,1
93915612,90.48,3,-28.57,83.61,0.3,0
93925509,66.67,2,0.0,55.08,0.3,1
93973341,71.11,3,-70.0,80.8,0.3,0
95216424,100.0,3,0.0,26.17,0.3,0
95575949,92.29,3,-23.14,58.04,0.3,0
95770014,52.09,2,-26.93,96.68,0.3,1
96135262,100.0,3,0.0,6.81,0.3,0
96398572,93.24,3,-20.29,61.58,0.3,0
96706041,86.43,3,-40.71,54.66,0.3,0
96792723,83.71,3,-36.86,46.04,0.3,0
97192893,100.0,3,0.0,34.14,0.3,0
97811465,100.0,3,0.0,27.6,0.3,0
98417175,93.89,3,0.0,47.92,0.3,0
98524573,82.86,3,-51.43,70.44,0.3,0
99057590,88.24,3,-35.29,79.45,0.3,0
99355503,90.48,3,-28.57,91.6,0.3,0
99911171,0.0,0,0.0,100.0,0.3,3
11344540,100.0,4,0.0,42.15,0.4,0
11415937,66.79,3,-32.86,86.73,0.4,1
11619654,95.76,4,-8.49,27.38,0.4,0
12237308,100.0,4,0.0,40.22,0.4,0
13434594,93.03,4,-13.94,56.41,0.4,0
13489175,100.0,4,0.0,20.13,0.4,0
13584790,87.11,4,-25.77,49.04,0.4,0
14700855,94.16,4,-11.69,38.9,0.4,0
14859968,42.87,4,-51.46,87.55,0.4,0
16052899,89.93,4,-20.14,71.44,0.4,0
16112416,100.0,4,0.0,29.25,0.4,0
16153010,100.0,4,0.0,36.7,0.4,0
16367724,79.79,4,-40.43,60.94,0.4,0
16650465,88.29,4,-23.43,57.44,0.4,0
16729597,67.2,4,-48.11,81.59,0.4,0
17186416,100.0,4,0.0,52.87,0.4,0
17369011,85.47,4,-29.06,49.65,0.4,0
17650346,91.43,4,-17.14,60.35,0.4,0
17954135,90.83,4,-18.34,50.54,0.4,0
18021763,96.0,4,-8.0,64.53,0.4,0
18237587,60.55,3,-52.8,65.94,0.4,1
18256197,96.43,4,-7.14,44.93,0.4,0
18835220,84.35,4,-28.81,73.98,0.4,0
18864892,100.0,4,0.0,55.96,0.4,0
19236487,30.75,2,77.0,32.2,0.4,2
19304298,93.89,4,-12.21,38.94,0.4,0
19514933,87.86,4,-24.29,58.95,0.4,0
19516358,100.0,4,0.0,17.37,0.4,0
19546495,92.41,4,-12.68,45.85,0.4,0
19581852,68.76,4,-62.49,58.15,0.4,0
19758663,100.0,4,0.0,31.52,0.4,0
20031894,100.0,4,0.0,43.95,0.4,0
20203060,91.07,4,-17.86,64.8,0.4,0
20534390,89.76,4,-20.49,65.4,0.4,0
20774325,70.99,4,-58.03,71.72,0.4,0
21399574,91.07,4,-17.86,42.51,0.4,0
22069035,96.22,4,-6.73,42.03,0.4,0
22305824,100.0,4,0.0,20.08,0.4,0
22771717,0.0,0,0.0,43.16,0.4,4
23223428,79.52,4,-7.62,85.95,0.4,0
23706913,91.56,4,-16.89,63.08,0.4,0
24051593,94.0,4,-12.0,65.61,0.4,0
24264303,100.0,4,0.0,47.44,0.4,0
24602305,0.0,0,0.0,92.3,0.4,4
24667465,100.0,4,0.0,34.37,0.4,0
24774049,89.0,4,-22.0,35.83,0.4,0
24829216,92.64,4,-14.71,42.45,0.4,0
24925539,100.0,4,0.0,16.91,0.4,0
25053710,99.29,4,-1.43,30.94,0.4,0
25199098,87.26,4,-25.49,49.57,0.4,0
25591540,75.0,3,0.0,85.26,0.4,1
25624838,100.0,4,0.0,49.3,0.4,0
26550709,82.57,4,-34.86,49.29,0.4,0
26822069,100.0,4,0.0,29.63,0.4,0
26823453,100.0,4,0.0,52.32,0.4,0
26829717,97.5,4,-5.0,57.11,0.4,0
27183343,93.9,4,-6.2,65.52,0.4,0
27219633,91.86,4,-16.29,39.89,0.4,0
27227646,89.11,4,-21.79,53.07,0.4,0
27276779,100.0,4,0.0,24.01,0.4,0
27811787,100.0,4,0.0,25.1,0.4,0
27821042,100.0,4,0.0,23.78,0.4,0
28157718,85.69,4,-19.95,88.5,0.4,0
28747258,81.02,4,-4.62,22.8,0.4,0
28851363,100.0,4,0.0,31.63,0.4,0
29180761,71.07,4,-55.86,74.93,0.4,0
29219341,97.5,4,-5.0,21.08,0.4,0
29238104,100.0,4,0.0,2.88,0.4,0
29619407,77.71,4,-22.68,75.52,0.4,0
29965095,92.61,4,-14.77,33.03,0.4,0
30245378,80.43,4,-37.14,40.04,0.4,0
30404921,100.0,4,0.0,31.36,0.4,0
30574788,50.0,2,0.0,98.0,0.4,1
30659534,62.64,3,-49.43,58.12,0.4,1
30938596,92.06,4,-15.89,47.07,0.4,0
31044070,89.0,4,-22.0,54.25,0.4,0
31288217,87.86,4,-24.29,41.94,0.4,0
31331355,96.43,4,-7.14,79.35,0.4,0
31466812,79.73,4,-38.04,60.92,0.4,0
31483285,94.83,4,-10.34,47.25,0.4,0
31604156,98.93,4,-2.14,72.87,0.4,0
31619745,100.0,4,0.0,72.7,0.4,0
31655246,92.86,4,-14.29,76.71,0.4,0
31707417,73.78,4,-15.1,78.73,0.4,0
31783869,83.18,4,-33.64,67.87,0.4,0
31870945,89.0,4,-22.0,58.27,0.4,0
32050733,99.29,4,-1.43,47.44,0.4,0
32199265,96.43,4,-7.14,35.25,0.4,0
32202479,60.3,4,4.94,81.46,0.4,0
32534085,84.94,4,-28.45,69.31,0.4,0
32634975,53.16,4,-45.29,85.28,0.4,0
32712383,96.43,4,-7.14,60.73,0.4,0
32751216,94.07,4,-11.86,41.19,0.4,0
32779192,31.43,2,-74.29,97.0,0.4,1
32973698,100.0,4,0.0,11.26,0.4,0
33025706,73.88,4,-40.75,67.02,0.4,0
33584628,71.79,3,-12.86,74.73,0.4,1
34026803,37.93,4,-29.8,90.16,0.4,0
34085243,85.5,4,-29.0,87.35,0.4,0
34106098,64.79,3,-40.0,62.8,0.4,1
34435608,32.5,2,-30.0,96.92,0.4,2
34534147,77.07,4,-45.86,74.94,0.4,0
34826933,100.0,4,0.0,40.9,0.4,0
34836465,100.0,4,0.0,26.53,0.4,0
35195294,97.29,4,-4.58,22.09,0.4,0
35228724,65.27,4,-69.46,84.41,0.4,0
35638989,85.53,4,-28.94,82.49,0.4,0
35693299,98.93,4,-2.14,62.61,0.4,0
35961483,100.0,4,0.0,70.23,0.4,0
36207660,99.4,4,-1.2,35.63,0.4,0
36559567,79.57,4,-40.86,65.8,0.4,0
37615874,90.43,4,-19.14,59.83,0.4,0
37802285,84.64,4,-30.71,37.64,0.4,0
37949742,94.43,4,-11.14,72.99,0.4,0
39057051,89.5,4,-21.0,70.81,0.4,0
39072447,67.07,4,-15.86,60.91,0.4,0
39591036,25.0,1,0.0,99.0,0.4,3
39671270,76.43,4,-47.14,65.9,0.4,0
40745362,96.0,4,-8.0,47.58,0.4,0
41018065,49.64,3,-30.0,86.09,0.4,1
41238410,94.0,4,-12.0,77.71,0.4,0
41238817,95.3,4,-9.4,71.72,0.4,0
41392674,79.52,4,-7.62,71.61,0.4,0
41437101,100.0,4,0.0,31.5,0.4,0
41749388,100.0,4,0.0,16.93,0.4,0
41886521,100.0,4,0.0,14.78,0.4,0
42625208,80.23,4,-22.88,45.02,0.4,0
42705350,86.86,4,-20.29,64.08,0.4,0
42843256,100.0,4,0.0,24.29,0.4,0
43867886,93.5,4,7.0,58.51,0.4,0
44140322,93.57,4,-12.86,65.25,0.4,0
44415509,88.43,4,-23.14,46.85,0.4,0
44435353,79.43,4,-41.14,47.41,0.4,0
44697524,87.86,4,-24.29,74.29,0.4,0
45239869,84.65,4,-30.7,58.12,0.4,0
45411597,91.79,4,-16.43,78.35,0.4,0
45581496,96.43,4,-7.14,37.82,0.4,0
46089625,79.81,4,-40.37,76.36,0.4,0
46149948,82.69,4,-34.63,39.47,0.4,0
46298750,93.39,4,-13.23,64.62,0.4,0
47053476,96.0,4,-8.0,30.94,0.4,0
47812491,75.14,4,20.01,57.89,0.4,0
48064815,92.98,4,2.62,43.44,0.4,0
48200382,45.24,3,-85.71,92.67,0.4,1
48342530,82.29,4,-35.43,73.38,0.4,0
48536684,100.0,4,0.0,18.05,0.4,0
49306699,75.09,4,-28.75,86.69,0.4,0
49456196,100.0,4,0.0,34.54,0.4,0
51597404,100.0,4,0.0,15.14,0.4,0
51748245,100.0,4,0.0,30.7,0.4,0
52010981,69.7,4,-52.26,74.01,0.4,0
52139328,100.0,4,0.0,36.89,0.4,0
52796411,66.57,4,17.3,60.69,0.4,0
52819296,87.76,4,-24.49,67.73,0.4,0
52889027,96.5,4,-7.0,32.08,0.4,0
53522318,84.63,4,-2.4,63.05,0.4,0
53690948,97.14,4,-5.71,58.59,0.4,0
53990039,83.99,4,-23.35,63.31,0.4,0
54179437,73.57,4,-52.86,54.58,0.4,0
54721717,82.86,4,-34.29,82.55,0.4,0
55057476,88.64,4,-22.71,40.54,0.4,0
55480169,82.86,4,-34.29,41.39,0.4,0
56823431,66.77,4,-66.46,75.41,0.4,0
57558661,99.29,4,-1.43,29.81,0.4,0
57809216,95.5,4,-9.0,30.15,0.4,0
58041923,71.26,4,-57.49,84.25,0.4,0
58548383,93.57,4,-12.86,44.75,0.4,0
59163655,0.0,0,0.0,100.0,0.4,4
59471439,73.21,3,-7.14,65.33,0.4,1
59981065,100.0,4,0.0,32.11,0.4,0
60270104,95.64,4,-8.71,39.84,0.4,0
60401339,87.86,4,-24.29,78.54,0.4,0
60742408,97.86,4,-4.29,36.67,0.4,0
60851962,79.29,4,-41.43,80.33,0.4,0
62722675,79.29,4,-41.43,58.43,0.4,0
63660864,93.93,4,-12.14,29.97,0.4,0
64169635,89.06,4,-21.89,47.71,0.4,0
64481181,100.0,4,0.0,20.42,0.4,0
64732981,96.71,4,-6.57,36.13,0.4,0
65519433,100.0,4,0.0,42.89,0.4,0
66057568,92.21,4,-15.57,80.3,0.4,0
67581864,81.96,4,-36.07,81.28,0.4,0
67765245,98.75,4,2.5,56.76,0.4,0
68170960,52.48,3,-53.49,73.32,0.4,1
68533762,100.0,4,0.0,35.44,0.4,0
68760886,98.5,4,-3.0,44.03,0.4,0
68912516,83.26,4,-33.49,26.26,0.4,0
69106380,52.86,3,-88.57,72.21,0.4,1
69577575,75.29,4,-40.41,29.42,0.4,0
69615067,100.0,4,0.0,42.88,0.4,0
69766313,97.86,4,-4.29,24.03,0.4,0
69974518,73.97,4,-46.06,53.47,0.4,0
70068685,56.04,4,-29.79,75.99,0.4,0
70207680,64.67,4,-20.66,97.41,0.4,0
70210436,85.08,4,-29.84,69.42,0.4,0
70467155,98.5,4,-3.0,46.36,0.4,0
70494079,93.43,4,-13.14,44.27,0.4,0
70532804,82.45,4,-1.76,60.68,0.4,0
70741130,65.26,4,-69.49,68.24,0.4,0
71074830,94.8,4,-10.4,73.26,0.4,0
71347202,77.16,4,-39.67,65.02,0.4,0
71714132,88.93,4,-22.14,72.83,0.4,0
71745365,67.73,4,-30.2,90.6,0.4,0
71897140,100.0,4,0.0,78.2,0.4,0
73316563,92.86,4,-14.29,48.44,0.4,0
73368913,65.63,3,-23.2,37.21,0.4,1
73572610,93.29,4,-13.43,65.95,0.4,0
73618759,91.5,4,-17.0,38.01,0.4,0
73630812,97.43,4,-5.14,51.26,0.4,0
74105407,99.29,4,-1.43,64.79,0.4,0
75611314,78.96,4,-42.07,54.56,0.4,0
75801763,94.29,4,-11.43,38.86,0.4,0
75858315,48.5,2,-6.0,92.28,0.4,2
76060642,81.14,4,-37.71,37.89,0.4,0
76391613,90.51,4,-18.99,46.22,0.4,0
76507076,86.86,4,-26.29,86.63,0.4,0
76647396,68.19,4,-15.95,35.52,0.4,0
77289994,87.76,4,-24.49,41.03,0.4,0
77340750,90.39,4,-19.21,67.41,0.4,0
77384796,68.5,4,-63.0,90.96,0.4,0
77444126,78.25,4,-36.5,46.53,0.4,0
77494200,61.17,4,-42.33,90.54,0.4,0
78031580,89.36,4,-21.29,45.6,0.4,0
78406188,92.14,4,-15.71,96.31,0.4,0
78552900,75.0,3,0.0,96.96,0.4,1
78950607,98.5,4,-3.0,75.61,0.4,0
79821067,73.55,4,-52.9,65.89,0.4,0
79951192,90.4,4,-19.2,53.13,0.4,0
80150997,96.5,4,-7.0,40.92,0.4,0
80531466,47.98,3,-91.43,93.88,0.4,1
80606648,95.5,4,-9.0,45.0,0.4,0
80760183,100.0,4,0.0,20.54,0.4,0
81569837,100.0,4,0.0,58.22,0.4,0
81706345,92.64,4,-14.71,26.4,0.4,0
81741765,92.93,4,-14.14,32.27,0.4,0
82066010,73.99,4,-31.86,79.62,0.4,0
82519651,93.79,4,-7.25,80.77,0.4,0
83974048,76.62,4,-36.76,56.86,0.4,0
83982103,42.23,3,-78.57,86.75,0.4,1
84073928,96.43,4,-7.14,22.07,0.4,0
84323262,95.79,4,-8.43,56.89,0.4,0
84693627,20.0,1,0.0,59.7,0.4,3
85432232,97.49,4,-5.03,20.51,0.4,0
85952204,87.43,4,-25.14,73.19,0.4,0
86450552,100.0,4,0.0,13.19,0.4,0
86480267,87.86,4,-24.29,85.73,0.4,0
86657420,100.0,4,0.0,40.49,0.4,0
86964735,90.14,4,-19.71,67.16,0.4,0
87089812,97.5,4,-5.0,32.27,0.4,0
87636498,77.81,4,-44.37,45.55,0.4,0
87682575,70.51,4,-58.15,62.05,0.4,0
88408595,94.14,4,-11.71,46.98,0.4,0
88423574,83.36,4,-33.29,90.56,0.4,0
89517857,88.56,4,-16.21,78.23,0.4,0
89951309,79.54,4,-15.93,37.05,0.4,0
90272423,95.0,4,-10.0,20.69,0.4,0
90613617,85.76,4,-28.49,70.64,0.4,0
90665092,100.0,4,0.0,30.98,0.4,0
90743782,62.38,4,-41.9,71.04,0.4,0
91262897,87.19,4,9.39,55.7,0.4,0
91935699,88.11,4,-18.79,74.05,0.4,0
92303132,69.1,4,-45.12,86.32,0.4,0
92809990,82.05,4,-35.9,32.39,0.4,0
93133026,100.0,4,0.0,21.81,0.4,0
93489080,81.29,4,-37.43,49.4,0.4,0
93682429,25.0,1,0.0,92.0,0.4,2
93786510,43.48,3,-49.0,91.09,0.4,1
93915612,88.36,4,-23.29,83.61,0.4,0
93925509,66.4,3,-34.4,55.08,0.4,1
93973341,66.83,4,-49.67,80.8,0.4,0
95216424,100.0,4,0.0,26.17,0.4,0
95575949,92.11,4,-15.77,58.04,0.4,0
95770014,39.07,2,-26.93,96.68,0.4,2
96135262,97.5,4,-5.0,6.81,0.4,0
96398572,94.93,4,-10.14,61.58,0.4,0
96706041,81.32,4,-37.36,54.66,0.4,0
96792723,78.79,4,-36.43,46.04,0.4,0
97192893,100.0,4,0.0,34.14,0.4,0
97811465,100.0,4,0.0,27.6,0.4,0
98417175,95.42,4,9.17,47.92,0.4,0
98524573,80.54,4,-38.91,70.44,0.4,0
99057590,85.58,4,-28.84,79.45,0.4,0
99355503,77.86,4,-44.29,91.6,0.4,0
99911171,0.0,0,0.0,100.0,0.4,4
11344540,97.76,5,-5.6,42.15,0.5,0
11415937,67.83,4,-30.43,86.73,0.5,1
11619654,93.97,5,-10.8,27.38,0.5,0
12237308,98.4,5,-4.0,40.22,0.5,0
13434594,92.42,5,-11.8,56.41,0.5,0
13489175,98.4,5,-4.0,20.13,0.5,0
13584790,87.45,5,-17.8,49.04,0.5,0
14700855,93.33,5,-7.4,38.9,0.5,0
14859968,35.74,5,-55.0,87.55,0.5,0
16052899,91.94,5,-10.0,71.44,0.5,0
16112416,98.24,5,-4.4,29.25,0.5,0
16153010,100.0,5,0.0,36.7,0.5,0
16367724,77.59,5,-34.6,60.94,0.5,0
16650465,90.63,5,-7.0,57.44,0.5,0
16729597,60.48,5,-43.45,81.59,0.5,0
17186416,99.36,5,-1.6,52.87,0.5,0
17369011,82.02,5,-34.1,49.65,0.5,0
17650346,90.26,5,-17.2,60.35,0.5,0
17954135,86.26,5,-24.2,50.54,0.5,0
18021763,95.04,5,-12.4,64.53,0.5,0
18237587,59.16,4,-47.1,65.94,0.5,1
18256197,97.14,5,0.0,44.93,0.5,0
18835220,75.68,5,-40.45,73.98,0.5,0
18864892,100.0,5,0.0,55.96,0.5,0
19236487,30.2,3,5.0,32.2,0.5,2
19304298,88.39,5,-25.8,38.94,0.5,0
19514933,79.73,5,-36.4,58.95,0.5,0
19516358,100.0,5,0.0,17.37,0.5,0
19546495,93.61,5,0.45,45.85,0.5,0
19581852,74.05,5,-20.6,58.15,0.5,0
19758663,99.28,5,-1.8,31.52,0.5,0
20031894,100.0,5,0.0,43.95,0.5,0
20203060,92.86,5,-7.0,64.8,0.5,0
20534390,83.17,5,-32.8,65.4,0.5,0
20774325,56.79,4,-58.03,71.72,0.5,1
21399574,88.86,5,-25.0,42.51,0.5,0
22069035,92.42,5,-10.98,42.03,0.5,0
22305824,100.0,5,0.0,20.08,0.5,0
22771717,0.0,0,0.0,43.16,0.5,5
23223428,67.62,5,-33.33,85.95,0.5,0
23706913,89.57,5,-21.8,63.08,0.5,0
24051593,95.2,5,-7.0,65.61,0.5,0
24264303,91.76,5,-20.6,47.44,0.5,0
24602305,0.0,0,0.0,92.3,0.5,5
24667465,100.0,5,0.0,34.37,0.5,0
24774049,85.2,5,-32.0,35.83,0.5,0
24829216,94.11,5,-9.0,42.45,0.5,0
24925539,100.0,5,0.0,16.91,0.5,0
25053710,99.43,5,0.0,30.94,0.5,0
25199098,83.01,5,-28.2,49.57,0.5,0
25591540,60.0,3,0.0,85.26,0.5,1
25624838,80.0,4,0.0,49.3,0.5,1
26550709,81.18,5,-29.2,49.29,0.5,0
26822069,100.0,5,0.0,29.63,0.5,0
26823453,100.0,5,0.0,52.32,0.5,0
26829717,95.12,5,-12.2,57.11,0.5,0
27183343,91.12,5,-11.2,65.52,0.5,0
27219633,90.45,5,-14.6,39.89,0.5,0
27227646,87.29,5,-10.0,53.07,0.5,0
27276779,100.0,5,0.0,24.01,0.5,0
27811787,100.0,5,0.0,25.1,0.5,0
27821042,100.0,5,0.0,23.78,0.5,0
28157718,82.47,5,-20.87,88.5,0.5,0
28747258,83.22,5,-4.33,22.8,0.5,0
28851363,100.0,5,0.0,31.63,0.5,0
29180761,67.34,5,-51.8,74.93,0.5,0
29219341,95.44,5,-11.4,21.08,0.5,0
29238104,100.0,5,0.0,2.88,0.5,0
29619407,81.77,5,-7.25,75.52,0.5,0
29965095,94.09,5,-11.2,33.03,0.5,0
30245378,80.82,5,-23.8,40.04,0.5,0
30404921,100.0,5,0.0,31.36,0.5,0
30574788,40.0,2,0.0,98.0,0.5,2
30659534,50.11,3,-49.43,58.12,0.5,2
30938596,93.65,5,-6.6,47.07,0.5,0
31044070,91.2,5,0.0,54.25,0.5,0
31288217,84.05,5,-30.6,41.94,0.5,0
31331355,97.14,5,0.0,79.35,0.5,0
31466812,80.91,5,-30.95,60.92,0.5,0
31483285,95.22,5,-9.8,47.25,0.5,0
31604156,99.14,5,0.0,72.87,0.5,0
31619745,100.0,5,0.0,72.7,0.5,0
31655246,87.89,5,-26.0,76.71,0.5,0
31707417,65.42,5,-25.53,78.73,0.5,0
31783869,79.98,5,-25.4,67.87,0.5,0
31870945,84.32,5,-34.2,58.27,0.5,0
32050733,99.43,5,0.0,47.44,0.5,0
32199265,97.14,5,0.0,35.25,0.5,0
32202479,48.24,4,4.94,81.46,0.5,1
32534085,73.55,5,-50.17,69.31,0.5,0
32634975,47.09,5,-44.6,85.28,0.5,0
32712383,91.06,5,-15.2,60.73,0.5,0
32751216,95.26,5,-9.0,41.19,0.5,0
32779192,25.14,2,-74.29,97.0,0.5,2
32973698,100.0,5,0.0,11.26,0.5,0
33025706,67.9,5,-51.25,67.02,0.5,0
33584628,71.75,4,-20.63,74.73,0.5,1
34026803,39.7,5,-17.83,90.16,0.5,0
34085243,81.92,5,-33.2,87.35,0.5,0
34106098,60.47,4,-47.98,62.8,0.5,1
34435608,26.0,2,-30.0,96.92,0.5,3
34534147,81.02,5,-4.6,74.94,0.5,0
34826933,100.0,5,0.0,40.9,0.5,0
34836465,100.0,5,0.0,26.53,0.5,0
35195294,97.83,5,-4.58,22.09,0.5,0
35228724,57.82,5,-62.6,84.41,0.5,0
35638989,82.9,5,-35.6,82.49,0.5,0
35693299,92.18,5,-17.4,62.61,0.5,0
35961483,100.0,5,0.0,70.23,0.5,0
36207660,97.92,5,-5.2,35.63,0.5,0
36559567,72.94,5,-44.8,65.8,0.5,0
37615874,82.42,5,-36.8,59.83,0.5,0
37802285,83.39,5,-10.8,37.64,0.5,0
37949742,95.54,5,-9.0,72.99,0.5,0
39057051,85.84,5,-20.4,70.81,0.5,0
39072447,67.1,5,-9.4,60.91,0.5,0
39591036,20.0,1,0.0,99.0,0.5,4
39671270,61.14,4,-47.14,65.9,0.5,1
40745362,96.8,5,-8.0,47.58,0.5,0
41018065,43.71,4,-19.29,86.09,0.5,1
41238410,75.2,4,-12.0,77.71,0.5,1
41238817,96.24,5,-9.4,71.72,0.5,0
41392674,76.74,5,-10.53,71.61,0.5,0
41437101,100.0,5,0.0,31.5,0.5,0
41749388,99.68,5,-0.8,16.93,0.5,0
41886521,100.0,5,0.0,14.78,0.5,0
42625208,76.74,5,-18.27,45.02,0.5,0
42705350,82.61,5,-33.2,64.08,0.5,0
42843256,100.0,5,0.0,24.29,0.5,0
43867886,94.8,5,7.0,58.51,0.5,0
44140322,88.62,5,-15.6,65.25,0.5,0
44415509,89.14,5,-15.0,46.85,0.5,0
44435353,77.06,5,-30.2,47.41,0.5,0
44697524,90.29,5,-10.0,74.29,0.5,0
45239869,87.72,5,-13.2,58.12,0.5,0
45411597,84.79,5,-21.6,78.35,0.5,0
45581496,93.14,5,-10.0,37.82,0.5,0
46089625,79.37,5,-27.0,76.36,0.5,0
46149948,82.47,5,-27.4,39.47,0.5,0
46298750,91.51,5,-19.8,64.62,0.5,0
47053476,96.8,5,-8.0,30.94,0.5,0
47812491,74.51,5,13.87,57.89,0.5,0
48064815,94.38,5,8.33,43.44,0.5,0
48200382,36.19,3,-85.71,92.67,0.5,2
48342530,85.83,5,-9.0,73.38,0.5,0
48536684,100.0,5,0.0,18.05,0.5,0
49306699,70.23,5,-34.07,86.69,0.5,0
49456196,100.0,5,0.0,34.54,0.5,0
51597404,100.0,5,0.0,15.14,0.5,0
51748245,100.0,5,0.0,30.7,0.5,0
52010981,64.4,5,-54.23,74.01,0.5,0
52139328,100.0,5,0.0,36.89,0.5,0
52796411,70.05,5,26.08,60.69,0.5,0
52819296,81.09,5,-33.0,67.73,0.5,0
52889027,97.2,5,-7.0,32.08,0.5,0
53522318,82.18,5,-2.63,63.05,0.5,0
53690948,97.71,5,0.0,58.59,0.5,0
53990039,84.95,5,-16.67,63.31,0.5,0
54179437,76.14,5,-21.8,54.58,0.5,0
54721717,76.77,5,-43.8,82.55,0.5,0
55057476,90.91,5,-7.0,40.54,0.5,0
55480169,86.29,5,-20.0,41.39,0.5,0
56823431,63.9,5,-47.4,75.41,0.5,0
57558661,99.43,5,0.0,29.81,0.5,0
57809216,94.8,5,-13.0,30.15,0.5,0
58041923,72.69,5,-44.0,84.25,0.5,0
58548383,92.46,5,-6.0,44.75,0.5,0
59163655,0.0,0,0.0,100.0,0.5,5
59471439,75.69,4,-10.77,65.33,0.5,1
59981065,100.0,5,0.0,32.11,0.5,0
60270104,96.51,5,-3.0,39.84,0.5,0
60401339,82.29,5,-30.0,78.54,0.5,0
60742408,98.29,5,0.0,36.67,0.5,0
60851962,63.43,4,-41.43,80.33,0.5,1
62722675,83.43,5,-20.0,58.43,0.5,0
63660864,95.14,5,0.0,29.97,0.5,0
64169635,84.05,5,-25.6,47.71,0.5,0
64481181,98.08,5,-4.8,20.42,0.5,0
64732981,97.37,5,-3.0,36.13,0.5,0
65519433,100.0,5,0.0,42.89,0.5,0
66057568,89.37,5,-11.0,80.3,0.5,0
67581864,77.57,5,-35.0,81.28,0.5,0
67765245,99.0,5,2.5,56.76,0.5,0
68170960,41.98,3,-53.49,73.32,0.5,2
68533762,100.0,5,0.0,35.44,0.5,0
68760886,98.8,5,-3.0,44.03,0.5,0
68912516,79.57,5,-36.8,26.26,0.5,0
69106380,42.29,3,-88.57,72.21,0.5,2
69577575,76.23,5,-14.7,29.42,0.5,0
69615067,100.0,5,0.0,42.88,0.5,0
69766313,98.29,5,0.0,24.03,0.5,0
69974518,70.14,5,-40.8,53.47,0.5,0
70068685,51.19,5,-26.03,75.99,0.5,0
70207680,51.74,4,-20.66,97.41,0.5,1
70210436,82.06,5,-35.2,69.42,0.5,0
70467155,98.8,5,-3.0,46.36,0.5,0
70494079,90.74,5,-16.0,44.27,0.5,0
70532804,78.6,5,-8.73,60.68,0.5,0
70741130,52.21,4,-69.49,68.24,0.5,1
71074830,91.92,5,-15.2,73.26,0.5,0
71347202,80.05,5,-13.8,65.02,0.5,0
71714132,84.34,5,-32.0,72.83,0.5,0
71745365,65.5,5,-28.33,90.6,0.5,0
71897140,100.0,5,0.0,78.2,0.5,0
73316563,94.29,5,0.0,48.44,0.5,0
73368913,68.82,4,-13.66,37.21,0.5,1
73572610,87.75,5,-17.2,65.95,0.5,0
73618759,88.76,5,-28.1,38.01,0.5,0
73630812,96.02,5,-4.8,51.26,0.5,0
74105407,99.43,5,0.0,64.79,0.5,0
75611314,74.17,5,-48.5,54.56,0.5,0
75801763,95.43,5,0.0,38.86,0.5,0
75858315,38.8,2,-6.0,92.28,0.5,2
76060642,81.71,5,-25.0,37.89,0.5,0
76391613,92.41,5,-9.2,46.22,0.5,0
76507076,87.89,5,-16.0,86.63,0.5,0
76647396,67.19,5,-12.57,35.52,0.5,0
77289994,90.21,5,-12.2,41.03,0.5,0
77340750,85.91,5,-32.0,67.41,0.5,0
77384796,60.0,5,-65.0,90.96,0.5,0
77444126,82.6,5,-9.5,46.53,0.5,0
77494200,60.85,5,-32.53,90.54,0.5,0
78031580,91.49,5,-17.0,45.6,0.5,0
78406188,73.71,4,-15.71,96.31,0.5,1
78552900,60.72,4,-48.2,96.96,0.5,1
78950607,93.2,5,-17.0,75.61,0.5,0
79821067,78.84,5,-20.4,65.89,0.5,0
79951192,87.2,5,-32.0,53.13,0.5,0
80150997,97.2,5,-7.0,40.92,0.5,0
80531466,38.38,3,-91.43,93.88,0.5,2
80606648,96.4,5,-9.0,45.0,0.5,0
80760183,100.0,5,0.0,20.54,0.5,0
81569837,100.0,5,0.0,58.22,0.5,0
81706345,86.67,5,-27.6,26.4,0.5,0
81741765,94.34,5,-7.0,32.27,0.5,0
82066010,71.19,5,-34.72,79.62,0.5,0
82519651,75.04,4,-7.25,80.77,0.5,1
83974048,61.3,4,-36.76,56.86,0.5,1
83982103,43.59,4,-38.54,86.75,0.5,1
84073928,92.82,5,-10.8,22.07,0.5,0
84323262,96.63,5,-7.0,56.89,0.5,0
84693627,20.0,2,-60.0,59.7,0.5,3
85432232,97.99,5,-3.6,20.51,0.5,0
85952204,78.9,5,-45.6,73.19,0.5,0
86450552,100.0,5,0.0,13.19,0.5,0
86480267,70.29,4,-24.29,85.73,0.5,1
86657420,100.0,5,0.0,40.49,0.5,0
86964735,88.27,5,-23.6,67.16,0.5,0
87089812,95.12,5,-7.2,32.27,0.5,0
87636498,75.37,5,-33.0,45.55,0.5,0
87682575,68.2,5,-45.08,62.05,0.5,0
88408595,93.23,5,-5.2,46.98,0.5,0
88423574,66.69,4,-33.29,90.56,0.5,1
89517857,78.01,5,-31.17,78.23,0.5,0
89951309,80.59,5,-2.1,37.05,0.5,0
90272423,94.4,5,-14.0,20.69,0.5,0
90613617,81.89,5,-31.0,70.64,0.5,0
90665092,98.4,5,-4.0,30.98,0.5,0
90743782,67.02,5,-20.53,71.04,0.5,0
91262897,69.75,4,9.39,55.7,0.5,1
91935699,88.49,5,-9.5,74.05,0.5,0
92303132,67.6,5,-46.47,86.32,0.5,0
92809990,85.64,5,-18.4,32.39,0.5,0
93133026,100.0,5,0.0,21.81,0.5,0
93489080,77.03,5,-36.0,49.4,0.5,0
93682429,20.0,1,0.0,92.0,0.5,3
93786510,39.95,4,-31.27,91.09,0.5,1
93915612,70.69,4,-23.29,83.61,0.5,1
93925509,61.2,4,-47.0,55.08,0.5,1
93973341,59.83,5,-48.77,80.8,0.5,0
95216424,100.0,5,0.0,26.17,0.5,0
95575949,93.69,5,-4.2,58.04,0.5,0
95770014,31.25,2,-26.93,96.68,0.5,3
96135262,98.0,5,-5.0,6.81,0.5,0
96398572,95.94,5,0.0,61.58,0.5,0
96706041,82.5,5,-23.4,54.66,0.5,0
96792723,72.11,5,-42.3,46.04,0.5,0
97192893,96.0,5,-10.0,34.14,0.5,0
97811465,100.0,5,0.0,27.6,0.5,0
98417175,76.33,4,9.17,47.92,0.5,1
98524573,74.27,5,-38.6,70.44,0.5,0
99057590,85.18,5,-19.4,79.45,0.5,0
99355503,69.65,5,-61.6,91.6,0.5,0
99911171,0.0,0,0.0,100.0,0.5,5
11344540,98.13,6,-3.73,42.15,0.6,0
11415937,73.19,5,-14.0,86.73,0.6,1
11619654,94.97,6,-4.34,27.38,0.6,0
12237308,98.67,6,-2.67,40.22,0.6,0
13434594,93.69,6,-3.1,56.41,0.6,0
13489175,98.67,6,-2.67,20.13,0.6,0
13584790,87.82,6,-6.26,49.04,0.6,0
14700855,94.44,6,1.26,38.9,0.6,0
14859968,29.78,5,-55.0,87.55,0.6,1
16052899,93.29,6,0.1,71.44,0.6,0
16112416,98.53,6,-2.93,29.25,0.6,0
16153010,100.0,6,0.0,36.7,0.6,0
16367724,75.77,6,-19.89,60.94,0.6,0
16650465,92.19,6,6.29,57.44,0.6,0
16729597,67.06,6,-3.73,81.59,0.6,0
17186416,99.47,6,-1.07,52.87,0.6,0
17369011,79.13,6,-27.27,49.65,0.6,0
17650346,91.89,6,-6.7,60.35,0.6,0
17954135,88.55,6,-9.37,50.54,0.6,0
18021763,95.87,6,-8.27,64.53,0.6,0
18237587,64.63,5,-24.7,65.94,0.6,1
18256197,97.62,6,4.76,44.93,0.6,0
18835220,76.95,6,-20.62,73.98,0.6,0
18864892,95.0,6,-10.0,55.96,0.6,0
19236487,25.17,3,5.0,32.2,0.6,2
19304298,90.33,6,-15.06,38.94,0.6,0
19514933,77.55,6,-25.85,58.95,0.6,0
19516358,100.0,6,0.0,17.37,0.6,0
19546495,87.4,6,-4.97,45.85,0.6,0
19581852,78.37,6,15.79,58.15,0.6,0
19758663,99.4,6,-1.2,31.52,0.6,0
20031894,100.0,6,0.0,43.95,0.6,0
20203060,94.05,6,2.57,64.8,0.6,0
20534390,85.97,6,-15.68,65.4,0.6,0
20774325,52.88,5,-74.93,71.72,0.6,1
21399574,90.71,6,-14.76,42.51,0.6,0
22069035,93.68,6,-2.56,42.03,0.6,0
22305824,100.0,6,0.0,20.08,0.6,0
22771717,0.0,0,0.0,43.16,0.6,6
23223428,67.46,6,-23.81,85.95,0.6,0
23706913,89.58,6,-15.12,63.08,0.6,0
24051593,96.0,6,-1.33,65.61,0.6,0
24264303,93.13,6,-13.73,47.44,0.6,0
24602305,0.0,0,0.0,92.3,0.6,6
24667465,100.0,6,0.0,34.37,0.6,0
24774049,87.67,6,-18.0,35.83,0.6,0
24829216,94.65,6,-3.08,42.45,0.6,0
24925539,100.0,6,0.0,16.91,0.6,0
25053710,99.52,6,0.95,30.94,0.6,0
25199098,85.84,6,-9.28,49.57,0.6,0
25591540,66.67,4,0.0,85.26,0.6,1
25624838,83.33,5,0.0,49.3,0.6,1
26550709,84.31,6,-7.56,49.29,0.6,0
26822069,100.0,6,0.0,29.63,0.6,0
26823453,100.0,6,0.0,52.32,0.6,0
26829717,95.93,6,-8.13,57.11,0.6,0
27183343,92.6,6,-4.13,65.52,0.6,0
27219633,92.04,6,-3.54,39.89,0.6,0
27227646,89.4,6,7.86,53.07,0.6,0
27276779,100.0,6,0.0,24.01,0.6,0
27811787,100.0,6,0.0,25.1,0.6,0
27821042,100.0,6,0.0,23.78,0.6,0
28157718,79.84,6,-15.5,88.5,0.6,0
28747258,86.02,6,-0.03,22.8,0.6,0
28851363,100.0,6,0.0,31.63,0.6,0
29180761,61.67,6,-38.18,74.93,0.6,0
29219341,96.2,6,-7.6,21.08,0.6,0
29238104,100.0,6,0.0,2.88,0.6,0
29619407,84.81,6,6.12,75.52,0.6,0
29965095,95.08,6,-5.09,33.03,0.6,0
30245378,84.02,6,-1.1,40.04,0.6,0
30404921,100.0,6,0.0,31.36,0.6,0
30574788,33.33,2,0.0,98.0,0.6,3
30659534,54.76,4,-35.71,58.12,0.6,2
30938596,94.7,6,1.79,47.07,0.6,0
31044070,92.67,6,14.67,54.25,0.6,0
31288217,86.7,6,-14.21,41.94,0.6,0
31331355,97.62,6,4.76,79.35,0.6,0
31466812,84.09,6,-11.11,60.92,0.6,0
31483285,96.02,6,-5.1,47.25,0.6,0
31604156,99.29,6,1.43,72.87,0.6,0
31619745,100.0,6,0.0,72.7,0.6,0
31655246,89.9,6,-14.48,76.71,0.6,0
31707417,62.63,6,-18.42,78.73,0.6,0
31783869,83.32,6,-0.5,67.87,0.6,0
31870945,75.82,6,-41.69,58.27,0.6,0
32050733,99.52,6,0.95,47.44,0.6,0
32199265,97.62,6,4.76,35.25,0.6,0
32202479,40.2,4,4.94,81.46,0.6,2
32534085,72.4,6,-35.03,69.31,0.6,0
32634975,40.68,6,-33.99,85.28,0.6,0
32712383,92.55,6,-5.37,60.73,0.6,0
32751216,96.05,6,-4.1,41.19,0.6,0
32779192,20.95,2,-74.29,97.0,0.6,3
32973698,100.0,6,0.0,11.26,0.6,0
33025706,62.14,6,-44.72,67.02,0.6,0
33584628,68.18,5,-39.03,74.73,0.6,1
34026803,39.14,6,-7.4,90.16,0.6,0
34085243,81.27,6,-21.47,87.35,0.6,0
34106098,64.28,5,-36.32,62.8,0.6,1
34435608,21.67,2,-30.0,96.92,0.6,4
34534147,84.18,6,25.5,74.94,0.6,0
34826933,100.0,6,0.0,40.9,0.6,0
34836465,100.0,6,0.0,26.53,0.6,0
35195294,98.19,6,-3.06,22.09,0.6,0
35228724,56.07,6,-30.72,84.41,0.6,0
35638989,76.97,6,-36.53,82.49,0.6,0
35693299,93.49,6,-10.17,62.61,0.6,0
35961483,100.0,6,0.0,70.23,0.6,0
36207660,98.27,6,-3.47,35.63,0.6,0
36559567,69.11,6,-31.3,65.8,0.6,0
37615874,85.35,6,-19.77,59.83,0.6,0
37802285,86.16,6,13.28,37.64,0.6,0
37949742,96.29,6,-4.57,72.99,0.6,0
39057051,88.2,6,-3.6,70.81,0.6,0
39072447,65.3,6,-5.58,60.91,0.6,0
39591036,16.67,1,0.0,99.0,0.6,5
39671270,67.62,5,0.0,65.9,0.6,1
40745362,97.33,6,-5.33,47.58,0.6,0
41018065,36.43,4,-19.29,86.09,0.6,1
41238410,76.11,5,-16.67,77.71,0.6,1
41238817,96.87,6,-6.27,71.72,0.6,0
41392674,80.62,6,2.5,71.61,0.6,0
41437101,100.0,6,0.0,31.5,0.6,0
41749388,99.73,6,-0.53,16.93,0.6,0
41886521,100.0,6,0.0,14.78,0.6,0
42625208,80.62,6,3.3,45.02,0.6,0
42705350,74.39,6,-41.5,64.08,0.6,0
42843256,100.0,6,0.0,24.29,0.6,0
43867886,95.67,6,4.67,58.51,0.6,0
44140322,90.51,6,-1.83,65.25,0.6,0
44415509,90.95,6,-1.9,46.85,0.6,0
44435353,80.89,6,-2.04,47.41,0.6,0
44697524,91.9,6,2.86,74.29,0.6,0
45239869,89.77,6,2.87,58.12,0.6,0
45411597,85.1,6,-7.89,78.35,0.6,0
45581496,94.29,6,-1.9,37.82,0.6,0
46089625,72.48,6,-22.29,76.36,0.6,0
46149948,82.61,6,-12.87,39.47,0.6,0
46298750,92.92,6,-12.25,64.62,0.6,0
47053476,97.33,6,-5.33,30.94,0.6,0
47812491,78.76,6,14.48,57.89,0.6,0
48064815,95.32,6,9.37,43.44,0.6,0
48200382,30.16,3,-85.71,92.67,0.6,3
48342530,88.19,6,11.62,73.38,0.6,0
48536684,100.0,6,0.0,18.05,0.6,0
49306699,61.86,6,-36.52,86.69,0.6,0
49456196,100.0,6,0.0,34.54,0.6,0
51597404,100.0,6,0.0,15.14,0.6,0
51748245,100.0,6,0.0,30.7,0.6,0
52010981,64.78,6,-29.65,74.01,0.6,0
52139328,100.0,6,0.0,36.89,0.6,0
52796411,69.1,6,16.69,60.69,0.6,0
52819296,77.02,6,-26.92,67.73,0.6,0
52889027,97.67,6,-4.67,32.08,0.6,0
53522318,75.49,6,-12.04,63.05,0.6,0
53690948,98.1,6,3.81,58.59,0.6,0
53990039,87.46,6,-2.92,63.31,0.6,0
54179437,69.0,6,-11.52,54.58,0.6,0
54721717,80.64,6,-19.68,82.55,0.6,0
55057476,92.43,6,5.81,40.54,0.6,0
55480169,88.57,6,-3.81,41.39,0.6,0
56823431,69.91,6,-3.03,75.41,0.6,0
57558661,99.52,6,0.95,29.81,0.6,0
57809216,95.67,6,-8.67,30.15,0.6,0
58041923,71.68,6,-24.25,84.25,0.6,0
58548383,93.71,6,4.57,44.75,0.6,0
59163655,0.0,0,0.0,100.0,0.6,6
59471439,79.74,5,-7.2,65.33,0.6,1
59981065,100.0,6,0.0,32.11,0.6,0
60270104,97.1,6,1.81,39.84,0.6,0
60401339,85.24,6,-10.48,78.54,0.6,0
60742408,98.57,6,2.86,36.67,0.6,0
60851962,63.97,5,-36.67,80.33,0.6,1
62722675,86.19,6,0.95,58.43,0.6,0
63660864,95.95,6,8.1,29.97,0.6,0
64169635,86.7,6,-7.54,47.71,0.6,0
64481181,98.4,6,-3.2,20.42,0.6,0
64732981,97.81,6,0.38,36.13,0.6,0
65519433,83.33,5,0.0,42.89,0.6,1
66057568,91.14,6,3.05,80.3,0.6,0
67581864,75.75,6,-20.4,81.28,0.6,0
67765245,99.17,6,1.67,56.76,0.6,0
68170960,34.99,3,-53.49,73.32,0.6,3
68533762,100.0,6,0.0,35.44,0.6,0
68760886,99.0,6,-2.0,44.03,0.6,0
68912516,82.97,6,-15.01,26.26,0.6,0
69106380,35.24,3,-88.57,72.21,0.6,3
69577575,80.2,6,14.01,29.42,0.6,0
69615067,100.0,6,0.0,42.88,0.6,0
69766313,98.57,6,2.86,24.03,0.6,0
69974518,67.84,6,-23.18,53.47,0.6,0
70068685,57.99,6,5.22,75.99,0.6,0
70207680,43.11,4,-20.66,97.41,0.6,2
70210436,68.39,5,-35.2,69.42,0.6,1
70467155,99.0,6,-2.0,46.36,0.6,0
70494079,92.29,6,-5.9,44.27,0.6,0
70532804,76.67,6,-9.2,60.68,0.6,0
70741130,43.5,4,-69.49,68.24,0.6,2
71074830,93.27,6,-6.8,73.26,0.6,0
71347202,83.38,6,10.85,65.02,0.6,0
71714132,86.95,6,-16.57,72.83,0.6,0
71745365,58.81,6,-28.06,90.6,0.6,0
71897140,100.0,6,0.0,78.2,0.6,0
73316563,95.24,6,9.52,48.44,0.6,0
73368913,74.02,5,-2.06,37.21,0.6,1
73572610,89.79,6,-2.51,65.95,0.6,0
73618759,90.63,6,-18.73,38.01,0.6,0
73630812,96.69,6,0.23,51.26,0.6,0
74105407,99.52,6,0.95,64.79,0.6,0
75611314,78.48,6,-21.62,54.56,0.6,0
75801763,96.19,6,7.62,38.86,0.6,0
75858315,32.33,2,-6.0,92.28,0.6,2
76060642,84.76,6,-2.86,37.89,0.6,0
76391613,93.67,6,0.39,46.22,0.6,0
76507076,89.46,6,-2.03,86.63,0.6,0
76647396,61.55,6,-16.08,35.52,0.6,0
77289994,91.84,6,0.06,41.03,0.6,0
77340750,88.26,6,-19.19,67.41,0.6,0
77384796,66.67,6,-20.0,90.96,0.6,0
77444126,85.5,6,11.67,46.53,0.6,0
77494200,57.27,6,-21.91,90.54,0.6,0
78031580,92.9,6,-8.48,45.6,0.6,0
78406188,61.43,4,-15.71,96.31,0.6,2
78552900,50.6,4,-48.2,96.96,0.6,1
78950607,85.06,6,-29.89,75.61,0.6,0
79821067,80.14,6,3.62,65.89,0.6,0
79951192,89.33,6,-21.33,53.13,0.6,0
80150997,97.67,6,-4.67,40.92,0.6,0
80531466,31.98,3,-91.43,93.88,0.6,3
80606648,97.0,6,-6.0,45.0,0.6,0
80760183,100.0,6,0.0,20.54,0.6,0
81569837,100.0,6,0.0,58.22,0.6,0
81706345,88.9,6,-14.59,26.4,0.6,0
81741765,95.29,6,0.1,32.27,0.6,0
82066010,72.32,6,-19.05,79.62,0.6,0
82519651,75.53,5,-11.82,80.77,0.6,1
83974048,65.53,5,-23.07,56.86,0.6,1
83982103,43.6,5,-27.42,86.75,0.6,1
84073928,88.46,6,-13.55,22.07,0.6,0
84323262,97.19,6,-3.71,56.89,0.6,0
84693627,16.67,2,-60.0,59.7,0.6,3
85432232,98.32,6,-1.45,20.51,0.6,0
85952204,82.42,6,-25.64,73.19,0.6,0
86450552,100.0,6,0.0,13.19,0.6,0
86480267,58.57,4,-24.29,85.73,0.6,2
86657420,100.0,6,0.0,40.49,0.6,0
86964735,90.23,6,-11.92,67.16,0.6,0
87089812,95.93,6,-1.47,32.27,0.6,0
87636498,79.48,6,-2.95,45.55,0.6,0
87682575,67.62,6,-19.45,62.05,0.6,0
88408595,94.36,6,4.34,46.98,0.6,0
88423574,55.57,4,-33.29,90.56,0.6,2
89517857,77.12,6,-18.46,78.23,0.6,0
89951309,78.27,6,1.77,37.05,0.6,0
90272423,95.33,6,-9.33,20.69,0.6,0
90613617,84.9,6,-11.14,70.64,0.6,0
90665092,98.67,6,-2.67,30.98,0.6,0
90743782,66.97,6,-5.75,71.04,0.6,0
91262897,58.13,4,9.39,55.7,0.6,2
91935699,90.4,6,3.19,74.05,0.6,0
92303132,61.89,6,-41.3,86.32,0.6,0
92809990,88.03,6,-0.6,32.39,0.6,0
93133026,100.0,6,0.0,21.81,0.6,0
93489080,80.86,6,-9.71,49.4,0.6,0
93682429,16.67,1,0.0,92.0,0.6,4
93786510,33.29,4,-31.27,91.09,0.6,1
93915612,58.9,4,-23.29,83.61,0.6,2
93925509,55.78,5,-65.47,55.08,0.6,1
93973341,49.86,5,-48.77,80.8,0.6,1
95216424,100.0,6,0.0,26.17,0.6,0
95575949,91.97,6,-0.64,58.04,0.6,0
95770014,26.04,2,-26.93,96.68,0.6,4
96135262,98.33,6,-3.33,6.81,0.6,0
96398572,96.62,6,6.76,61.58,0.6,0
96706041,80.47,6,-11.92,54.66,0.6,0
96792723,65.65,6,-36.14,46.04,0.6,0
97192893,96.67,6,-6.67,34.14,0.6,0
97811465,100.0,6,0.0,27.6,0.6,0
98417175,63.61,4,9.17,47.92,0.6,2
98524573,78.56,6,-8.59,70.44,0.6,0
99057590,87.65,6,-1.17,79.45,0.6,0
99355503,72.48,6,-35.99,91.6,0.6,0
99911171,0.0,0,0.0,100.0,0.6,6
11344540,98.4,7,-3.73,42.15,0.7,0
11415937,71.73,6,-10.71,86.73,0.7,1
11619654,88.3,7,-18.79,27.38,0.7,0
12237308,96.5,7,-8.17,40.22,0.7,0
13434594,91.02,7,-6.9,56.41,0.7,0
13489175,98.86,7,-2.67,20.13,0.7,0
13584790,81.42,7,-17.13,49.04,0.7,0
14700855,95.23,7,2.86,38.9,0.7,0
14859968,25.53,5,-55.0,87.55,0.7,2
16052899,88.89,7,-5.74,71.44,0.7,0
16112416,98.74,7,-2.93,29.25,0.7,0
16153010,100.0,7,0.0,36.7,0.7,0
16367724,72.44,7,-23.06,60.94,0.7,0
16650465,87.7,7,-2.13,57.44,0.7,0
16729597,63.66,7,-9.98,81.59,0.7,0
17186416,99.54,7,-1.07,52.87,0.7,0
17369011,77.36,7,-26.22,49.65,0.7,0
17650346,78.76,6,-6.7,60.35,0.7,1
17954135,84.15,7,-17.99,50.54,0.7,0
18021763,90.89,7,-15.93,64.53,0.7,0
18237587,65.04,6,-9.7,65.94,0.7,1
18256197,97.96,7,4.76,44.93,0.7,0
18835220,72.57,7,-30.4,73.98,0.7,0
18864892,93.61,7,-14.92,55.96,0.7,0
19236487,21.57,3,5.0,32.2,0.7,2
19304298,89.1,7,-15.14,38.94,0.7,0
19514933,75.76,7,-30.85,58.95,0.7,0
19516358,100.0,7,0.0,17.37,0.7,0
19546495,82.05,7,-21.64,45.85,0.7,0
19581852,77.89,7,19.59,58.15,0.7,0
19758663,97.77,7,-5.2,31.52,0.7,0
20031894,100.0,7,0.0,43.95,0.7,0
20203060,94.9,7,7.24,64.8,0.7,0
20534390,84.08,7,-17.29,65.4,0.7,0
20774325,50.18,6,-61.0,71.72,0.7,1
21399574,84.9,7,-21.43,42.51,0.7,0
22069035,91.01,7,-10.89,42.03,0.7,0
22305824,100.0,7,0.0,20.08,0.7,0
22771717,0.0,0,0.0,43.16,0.7,7
23223428,57.82,6,-23.81,85.95,0.7,1
23706913,87.14,7,-15.89,63.08,0.7,0
24051593,96.57,7,3.33,65.61,0.7,0
24264303,94.11,7,-13.73,47.44,0.7,0
24602305,0.0,0,0.0,92.3,0.7,7
24667465,98.93,7,-2.5,34.37,0.7,0
24774049,82.29,7,-23.33,35.83,0.7,0
24829216,90.41,7,-8.75,42.45,0.7,0
24925539,100.0,7,0.0,16.91,0.7,0
25053710,97.48,7,-3.96,30.94,0.7,0
25199098,82.47,7,-14.39,49.57,0.7,0
25591540,64.29,5,-25.0,85.26,0.7,1
25624838,80.36,6,-12.5,49.3,0.7,1
26550709,72.27,6,-7.56,49.29,0.7,1
26822069,94.93,7,-11.83,29.63,0.7,0
26823453,94.64,7,-12.5,52.32,0.7,0
26829717,96.51,7,-4.8,57.11,0.7,0
27183343,93.66,7,-1.33,65.52,0.7,0
27219633,88.18,7,-10.54,39.89,0.7,0
27227646,89.35,7,4.19,53.07,0.7,0
27276779,100.0,7,0.0,24.01,0.7,0
27811787,100.0,7,0.0,25.1,0.7,0
27821042,100.0,7,0.0,23.78,0.7,0
28157718,68.43,6,-15.5,88.5,0.7,1
28747258,88.01,7,11.3,22.8,0.7,0
28851363,100.0,7,0.0,31.63,0.7,0
29180761,62.18,7,-30.43,74.93,0.7,0
29219341,96.74,7,-4.27,21.08,0.7,0
29238104,100.0,7,0.0,2.88,0.7,0
29619407,79.12,7,-0.75,75.52,0.7,0
29965095,93.96,7,-1.87,33.03,0.7,0
30245378,82.27,7,0.15,40.04,0.7,0
30404921,100.0,7,0.0,31.36,0.7,0
30574788,28.57,2,0.0,98.0,0.7,4
30659534,57.15,5,-25.25,58.12,0.7,2
30938596,92.46,7,-0.81,47.07,0.7,0
31044070,93.71,7,14.67,54.25,0.7,0
31288217,82.71,7,-17.96,41.94,0.7,0
31331355,83.67,6,4.76,79.35,0.7,1
31466812,84.25,7,0.64,60.92,0.7,0
31483285,91.62,7,-11.22,47.25,0.7,0
31604156,99.39,7,1.43,72.87,0.7,0
31619745,96.43,7,-8.33,72.7,0.7,0
31655246,84.92,7,-22.81,76.71,0.7,0
31707417,62.43,7,-24.54,78.73,0.7,0
31783869,80.06,7,-7.67,67.87,0.7,0
31870945,64.99,6,-41.69,58.27,0.7,1
32050733,97.73,7,-3.38,47.44,0.7,0
32199265,94.39,7,-3.57,35.25,0.7,0
32202479,36.6,5,-16.13,81.46,0.7,2
32534085,69.56,7,-40.87,69.31,0.7,0
32634975,45.59,7,-22.19,85.28,0.7,0
32712383,93.62,7,-5.37,60.73,0.7,0
32751216,94.54,7,-2.93,41.19,0.7,0
32779192,17.96,2,-74.29,97.0,0.7,4
32973698,91.54,7,-19.75,11.26,0.7,0
33025706,56.83,7,-50.39,67.02,0.7,0
33584628,68.4,6,-31.82,74.73,0.7,1
34026803,33.55,6,-7.4,90.16,0.7,1
34085243,78.94,7,-21.8,87.35,0.7,0
34106098,67.53,6,-15.21,62.8,0.7,1
34435608,18.57,2,-30.0,96.92,0.7,5
34534147,81.08,7,15.0,74.94,0.7,0
34826933,91.54,7,-19.75,40.9,0.7,0
34836465,100.0,7,0.0,26.53,0.7,0
35195294,91.88,7,-15.06,22.09,0.7,0
35228724,52.92,7,-34.98,84.41,0.7,0
35638989,74.98,7,-34.33,82.49,0.7,0
35693299,88.34,7,-24.34,62.61,0.7,0
35961483,100.0,7,0.0,70.23,0.7,0
36207660,95.51,7,-9.67,35.63,0.7,0
36559567,65.56,7,-37.88,65.8,0.7,0
37615874,79.05,7,-31.35,59.83,0.7,0
37802285,84.57,7,4.94,37.64,0.7,0
37949742,92.96,7,-7.57,72.99,0.7,0
39057051,84.24,7,-12.77,70.81,0.7,0
39072447,55.97,6,-5.58,60.91,0.7,1
39591036,14.29,1,0.0,99.0,0.7,6
39671270,72.24,6,31.43,65.9,0.7,1
40745362,94.14,7,-8.33,47.58,0.7,0
41018065,34.8,5,-41.79,86.09,0.7,1
41238410,65.24,5,-16.67,77.71,0.7,1
41238817,94.96,7,-5.5,71.72,0.7,0
41392674,81.53,7,4.83,71.61,0.7,0
41437101,95.96,7,-9.42,31.5,0.7,0
41749388,97.66,7,-5.45,16.93,0.7,0
41886521,100.0,7,0.0,14.78,0.7,0
42625208,76.24,7,-8.03,45.02,0.7,0
42705350,67.34,7,-53.83,64.08,0.7,0
42843256,100.0,7,0.0,24.29,0.7,0
43867886,93.79,7,0.83,58.51,0.7,0
44140322,77.58,6,-1.83,65.25,0.7,1
44415509,86.32,7,-8.4,46.85,0.7,0
44435353,79.58,7,-2.12,47.41,0.7,0
44697524,89.49,7,1.19,74.29,0.7,0
45239869,89.12,7,6.75,58.12,0.7,0
45411597,72.94,6,-7.89,78.35,0.7,1
45581496,80.82,6,-1.9,37.82,0.7,1
46089625,67.66,7,-32.17,76.36,0.7,0
46149948,77.49,7,-18.49,39.47,0.7,0
46298750,79.65,6,-12.25,64.62,0.7,1
47053476,91.39,7,-14.75,30.94,0.7,0
47812491,78.94,7,12.48,57.89,0.7,0
48064815,83.84,7,-18.97,43.44,0.7,0
48200382,25.85,3,-85.71,92.67,0.7,4
48342530,85.48,7,7.37,73.38,0.7,0
48536684,100.0,7,0.0,18.05,0.7,0
49306699,53.02,6,-36.52,86.69,0.7,1
49456196,96.36,7,-8.5,34.54,0.7,0
51597404,100.0,7,0.0,15.14,0.7,0
51748245,100.0,7,0.0,30.7,0.7,0
52010981,55.53,6,-29.65,74.01,0.7,1
52139328,100.0,7,0.0,36.89,0.7,0
52796411,69.09,7,11.69,60.69,0.7,0
52819296,74.41,7,-33.87,67.73,0.7,0
52889027,98.0,7,0.0,32.08,0.7,0
53522318,69.81,7,-31.46,63.05,0.7,0
53690948,96.01,7,-1.69,58.59,0.7,0
53990039,83.57,7,-5.9,63.31,0.7,0
54179437,59.15,6,-11.52,54.58,0.7,1
54721717,74.94,7,-26.09,82.55,0.7,0
55057476,92.97,7,9.23,40.54,0.7,0
55480169,90.2,7,9.52,41.39,0.7,0
56823431,67.07,7,-3.96,75.41,0.7,0
57558661,95.7,7,-8.13,29.81,0.7,0
57809216,90.36,7,-16.5,30.15,0.7,0
58041923,70.3,7,-14.79,84.25,0.7,0
58548383,89.43,7,-7.51,44.75,0.7,0
59163655,0.0,0,0.0,100.0,0.7,7
59471439,79.24,6,-10.34,65.33,0.7,1
59981065,100.0,7,0.0,32.11,0.7,0
60270104,97.51,7,3.81,39.84,0.7,0
60401339,78.42,7,-24.64,78.54,0.7,0
60742408,84.49,6,2.86,36.67,0.7,1
60851962,54.83,5,-36.67,80.33,0.7,1
62722675,84.59,7,5.95,58.43,0.7,0
63660864,96.53,7,8.1,29.97,0.7,0
64169635,84.75,7,-11.48,47.71,0.7,0
64481181,96.52,7,-8.12,20.42,0.7,0
64732981,96.77,7,-0.79,36.13,0.7,0
65519433,82.14,6,-8.33,42.89,0.7,1
66057568,90.84,7,-0.62,80.3,0.7,0
67581864,75.65,7,-18.73,81.28,0.7,0
67765245,95.71,7,-6.67,56.76,0.7,0
68170960,31.2,4,-64.99,73.32,0.7,3
68533762,94.29,7,-13.33,35.44,0.7,0
68760886,84.86,6,-2.0,44.03,0.7,1
68912516,77.23,7,-21.29,26.26,0.7,0
69106380,30.2,3,-88.57,72.21,0.7,4
69577575,81.95,7,17.64,29.42,0.7,0
69615067,99.21,7,-1.83,42.88,0.7,0
69766313,98.24,7,1.61,24.03,0.7,0
69974518,67.97,7,-19.47,53.47,0.7,0
70068685,55.06,7,-1.62,75.99,0.7,0
70207680,36.96,4,-20.66,97.41,0.7,3
70210436,58.62,5,-35.2,69.42,0.7,2
70467155,94.14,7,-11.67,46.36,0.7,0
70494079,89.82,7,-10.24,44.27,0.7,0
70532804,74.04,7,-18.45,60.68,0.7,0
70741130,40.86,5,-82.7,68.24,0.7,2
71074830,88.16,7,-17.37,73.26,0.7,0
71347202,75.14,7,-5.5,65.02,0.7,0
71714132,87.49,7,-9.65,72.83,0.7,0
71745365,57.19,7,-29.7,90.6,0.7,0
71897140,85.71,6,0.0,78.2,0.7,1
73316563,92.35,7,1.19,48.44,0.7,0
73368913,63.44,5,-2.06,37.21,0.7,1
73572610,89.93,7,-5.6,65.95,0.7,0
73618759,84.83,7,-24.07,38.01,0.7,0
73630812,93.52,7,-8.27,51.26,0.7,0
74105407,94.41,7,-11.13,64.79,0.7,0
75611314,77.41,7,-13.95,54.56,0.7,0
75801763,94.95,7,3.45,38.86,0.7,0
75858315,27.71,2,-6.0,92.28,0.7,3
76060642,81.76,7,-3.61,37.89,0.7,0
76391613,92.08,7,0.69,46.22,0.7,0
76507076,87.39,7,-2.37,86.63,0.7,0
76647396,61.11,7,-17.91,35.52,0.7,0
77289994,89.4,7,-0.23,41.03,0.7,0
77340750,84.97,7,-20.11,67.41,0.7,0
77384796,60.71,7,-26.33,90.96,0.7,0
77444126,82.89,7,9.42,46.53,0.7,0
77494200,49.09,6,-21.91,90.54,0.7,1
78031580,93.92,7,2.86,45.6,0.7,0
78406188,52.65,4,-15.71,96.31,0.7,3
78552900,43.37,4,-48.2,96.96,0.7,2
78950607,80.05,7,-44.56,75.61,0.7,0
79821067,73.98,7,-3.78,65.89,0.7,0
79951192,85.5,7,-21.03,53.13,0.7,0
80150997,93.64,7,-10.17,40.92,0.7,0
80531466,27.41,3,-91.43,93.88,0.7,4
80606648,97.43,7,0.0,45.0,0.7,0
80760183,94.82,7,-12.08,20.54,0.7,0
81569837,100.0,7,0.0,58.22,0.7,0
81706345,88.91,7,-12.26,26.4,0.7,0
81741765,93.1,7,-1.9,32.27,0.7,0
82066010,69.85,7,-17.52,79.62,0.7,0
82519651,64.74,5,-11.82,80.77,0.7,1
83974048,58.02,6,-30.81,56.86,0.7,1
83982103,37.37,5,-27.42,86.75,0.7,1
84073928,90.11,7,-13.55,22.07,0.7,0
84323262,92.66,7,-10.55,56.89,0.7,0
84693627,21.43,3,-30.0,59.7,0.7,3
85432232,94.28,7,-9.05,20.51,0.7,0
85952204,77.79,7,-30.3,73.19,0.7,0
86450552,100.0,7,0.0,13.19,0.7,0
86480267,50.2,4,-24.29,85.73,0.7,3
86657420,100.0,7,0.0,40.49,0.7,0
86964735,85.7,7,-16.42,67.16,0.7,0
87089812,93.84,7,-7.72,32.27,0.7,0
87636498,79.8,7,1.5,45.55,0.7,0
87682575,61.53,7,-27.79,62.05,0.7,0
88408595,86.6,7,-15.66,46.98,0.7,0
88423574,55.99,5,-34.75,90.56,0.7,2
89517857,76.24,7,-26.53,78.23,0.7,0
89951309,74.23,7,-10.23,37.05,0.7,0
90272423,96.0,7,-2.67,20.69,0.7,0
90613617,72.78,6,-11.14,70.64,0.7,1
90665092,95.29,7,-11.0,30.98,0.7,0
90743782,64.93,7,-1.5,71.04,0.7,0
91262897,49.82,4,9.39,55.7,0.7,3
91935699,90.35,7,4.52,74.05,0.7,0
92303132,53.05,6,-41.3,86.32,0.7,1
92809990,87.89,7,7.33,32.39,0.7,0
93133026,100.0,7,0.0,21.81,0.7,0
93489080,81.48,7,-3.96,49.4,0.7,0
93682429,14.29,1,0.0,92.0,0.7,5
93786510,35.68,5,-27.67,91.09,0.7,1
93915612,61.2,5,-21.5,83.61,0.7,2
93925509,47.81,5,-65.47,55.08,0.7,1
93973341,46.3,6,-34.18,80.8,0.7,1
95216424,100.0,7,0.0,26.17,0.7,0
95575949,78.83,6,-0.64,58.04,0.7,1
95770014,22.32,2,-26.93,96.68,0.7,5
96135262,98.57,7,0.0,6.81,0.7,0
96398572,93.53,7,-1.57,61.58,0.7,0
96706041,75.3,7,-19.17,54.66,0.7,0
96792723,63.41,7,-40.8,46.04,0.7,0
97192893,97.14,7,-6.67,34.14,0.7,0
97811465,100.0,7,0.0,27.6,0.7,0
98417175,54.52,4,9.17,47.92,0.7,3
98524573,73.16,7,-19.54,70.44,0.7,0
99057590,87.06,7,0.8,79.45,0.7,0
99355503,62.13,6,-35.99,91.6,0.7,1
99911171,0.0,0,0.0,100.0,0.7,7
11344540,95.56,8,-8.88,42.15,0.8,0
11415937,67.98,7,-20.83,86.73,0.8,1
11619654,87.49,8,-16.54,27.38,0.8,0
12237308,93.21,8,-13.58,40.22,0.8,0
13434594,90.64,8,-4.78,56.41,0.8,0
13489175,98.58,8,-2.83,20.13,0.8,0
13584790,78.91,8,-16.41,49.04,0.8,0
14700855,91.7,8,-4.91,38.9,0.8,0
14859968,25.25,6,-33.65,87.55,0.8,2
16052899,90.28,8,0.7,71.44,0.8,0
16112416,98.9,8,-2.2,29.25,0.8,0
16153010,100.0,8,0.0,36.7,0.8,0
16367724,71.43,8,-16.71,60.94,0.8,0
16650465,76.74,7,-2.13,57.44,0.8,1
16729597,62.75,8,-8.9,81.59,0.8,0
17186416,99.6,8,-0.8,52.87,0.8,0
17369011,76.31,8,-18.32,49.65,0.8,0
17650346,68.91,6,-6.7,60.35,0.8,2
17954135,81.17,8,-19.31,50.54,0.8,0
18021763,86.94,8,-18.12,64.53,0.8,0
18237587,56.91,6,-9.7,65.94,0.8,1
18256197,96.13,8,-0.6,44.93,0.8,0
18835220,63.5,7,-30.4,73.98,0.8,1
18864892,91.07,8,-17.85,55.96,0.8,0
19236487,18.88,3,5.0,32.2,0.8,3
19304298,89.17,8,-9.44,38.94,0.8,0
19514933,72.33,8,-31.06,58.95,0.8,0
19516358,100.0,8,0.0,17.37,0.8,0
19546495,76.8,8,-31.23,45.85,0.8,0
19581852,74.26,8,11.0,58.15,0.8,0
19758663,94.11,8,-11.78,31.52,0.8,0
20031894,100.0,8,0.0,43.95,0.8,0
20203060,95.54,8,8.93,64.8,0.8,0
20534390,78.82,8,-21.87,65.4,0.8,0
20774325,49.12,7,-52.71,71.72,0.8,1
21399574,84.7,8,-12.74,42.51,0.8,0
22069035,87.57,8,-17.3,42.03,0.8,0
22305824,100.0,8,0.0,20.08,0.8,0
22771717,0.0,0,0.0,43.16,0.8,8
23223428,56.85,7,-33.81,85.95,0.8,1
23706913,81.08,8,-20.95,63.08,0.8,0
24051593,94.92,8,1.83,65.61,0.8,0
24264303,87.6,8,-24.8,47.44,0.8,0
24602305,0.0,0,0.0,92.3,0.8,8
24667465,98.06,8,-3.88,34.37,0.8,0
24774049,80.33,8,-17.33,35.83,0.8,0
24829216,84.32,8,-16.64,42.45,0.8,0
24925539,100.0,8,0.0,16.91,0.8,0
25053710,94.72,8,-9.14,30.94,0.8,0
25199098,78.45,8,-17.61,49.57,0.8,0
25591540,63.54,6,-30.56,85.26,0.8,1
25624838,70.31,6,-12.5,49.3,0.8,1
26550709,65.32,7,-24.01,49.29,0.8,1
26822069,93.4,8,-13.21,29.63,0.8,0
26823453,95.31,8,-9.38,52.32,0.8,0
26829717,96.95,8,-1.1,57.11,0.8,0
27183343,94.45,8,1.1,65.52,0.8,0
27219633,85.49,8,-12.74,39.89,0.8,0
27227646,82.97,8,-12.27,53.07,0.8,0
27276779,100.0,8,0.0,24.01,0.8,0
27811787,99.25,8,-1.5,25.1,0.8,0
27821042,100.0,8,0.0,23.78,0.8,0
28157718,59.88,6,-15.5,88.5,0.8,2
28747258,89.51,8,16.98,22.8,0.8,0
28851363,100.0,8,0.0,31.63,0.8,0
29180761,59.1,8,-23.95,74.93,0.8,0
29219341,97.15,8,-0.7,21.08,0.8,0
29238104,100.0,8,0.0,2.88,0.8,0
29619407,71.31,8,-12.79,75.52,0.8,0
29965095,90.51,8,-4.22,33.03,0.8,0
30245378,80.65,8,0.44,40.04,0.8,0
30404921,87.5,7,0.0,31.36,0.8,1
30574788,25.0,2,0.0,98.0,0.8,5
30659534,57.01,6,-15.02,58.12,0.8,2
30938596,87.7,8,-8.72,47.07,0.8,0
31044070,91.08,8,4.17,54.25,0.8,0
31288217,82.31,8,-11.09,41.94,0.8,0
31331355,83.63,7,-0.79,79.35,0.8,1
31466812,82.06,8,4.65,60.92,0.8,0
31483285,89.27,8,-11.11,47.25,0.8,0
31604156,94.26,8,-9.35,72.87,0.8,0
31619745,91.67,8,-16.67,72.7,0.8,0
31655246,81.28,8,-23.15,76.71,0.8,0
31707417,59.73,8,-28.09,78.73,0.8,0
31783869,78.89,8,-8.59,67.87,0.8,0
31870945,62.08,7,-49.8,58.27,0.8,1
32050733,98.02,8,-2.54,47.44,0.8,0
32199265,89.82,8,-13.22,35.25,0.8,0
32202479,33.07,6,-27.03,81.46,0.8,2
32534085,71.28,8,-27.32,69.31,0.8,0
32634975,39.89,7,-22.19,85.28,0.8,1
32712383,91.0,8,-10.86,60.73,0.8,0
32751216,91.93,8,-4.28,41.19,0.8,0
32779192,16.34,3,-95.0,97.0,0.8,4
32973698,92.59,8,-14.81,11.26,0.8,0
33025706,56.42,8,-34.92,67.02,0.8,0
33584628,67.73,7,-34.69,74.73,0.8,1
34026803,29.36,6,-7.4,90.16,0.8,2
34085243,69.08,7,-21.8,87.35,0.8,1
34106098,59.09,6,-15.21,62.8,0.8,1
34435608,16.25,2,-30.0,96.92,0.8,6
34534147,81.45,8,8.75,74.94,0.8,0
34826933,92.59,8,-14.81,40.9,0.8,0
34836465,100.0,8,0.0,26.53,0.8,0
35195294,91.15,8,-12.29,22.09,0.8,0
35228724,48.59,8,-33.35,84.41,0.8,0
35638989,73.44,8,-24.18,82.49,0.8,0
35693299,86.14,8,-25.59,62.61,0.8,0
35961483,96.4,8,-7.21,70.23,0.8,0
36207660,96.08,8,-6.65,35.63,0.8,0
36559567,64.7,8,-29.74,65.8,0.8,0
37615874,74.0,8,-32.85,59.83,0.8,0
37802285,84.5,8,-0.29,37.64,0.8,0
37949742,81.34,7,-7.57,72.99,0.8,1
39057051,78.3,8,-22.41,70.81,0.8,0
39072447,53.14,7,-15.81,60.91,0.8,1
39591036,12.5,1,0.0,99.0,0.8,7
39671270,71.21,7,19.43,65.9,0.8,1
40745362,86.29,8,-19.42,47.58,0.8,0
41018065,34.32,6,-40.86,86.09,0.8,1
41238410,57.08,5,-16.67,77.71,0.8,2
41238817,90.42,8,-9.76,71.72,0.8,0
41392674,78.36,8,-2.33,71.61,0.8,0
41437101,90.22,8,-19.56,31.5,0.8,0
41749388,97.96,8,-4.09,16.93,0.8,0
41886521,100.0,8,0.0,14.78,0.8,0
42625208,66.71,7,-8.03,45.02,0.8,1
42705350,64.13,8,-45.46,64.08,0.8,0
42843256,100.0,8,0.0,24.29,0.8,0
43867886,91.29,8,-4.42,58.51,0.8,0
44140322,67.89,6,-1.83,65.25,0.8,2
44415509,83.21,8,-10.43,46.85,0.8,0
44435353,72.76,8,-13.34,47.41,0.8,0
44697524,85.41,8,-4.9,74.29,0.8,0
45239869,77.98,7,6.75,58.12,0.8,1
45411597,71.45,7,-20.89,78.35,0.8,1
45581496,80.09,7,-10.24,37.82,0.8,1
46089625,62.39,8,-34.85,76.36,0.8,0
46149948,72.78,8,-19.81,39.47,0.8,0
46298750,73.21,7,-28.33,64.62,0.8,1
47053476,92.47,8,-7.06,30.94,0.8,0
47812491,78.24,8,6.2,57.89,0.8,0
48064815,73.36,7,-18.97,43.44,0.8,1
48200382,22.62,3,-85.71,92.67,0.8,5
48342530,80.36,8,-3.85,73.38,0.8,0
48536684,100.0,8,0.0,18.05,0.8,0
49306699,46.4,6,-36.52,86.69,0.8,2
49456196,96.81,8,-6.38,34.54,0.8,0
51597404,100.0,8,0.0,15.14,0.8,0
51748245,100.0,8,0.0,30.7,0.8,0
52010981,56.75,7,-21.2,74.01,0.8,1
52139328,100.0,8,0.0,36.89,0.8,0
52796411,67.74,8,2.35,60.69,0.8,0
52819296,70.21,8,-35.09,67.73,0.8,0
52889027,98.25,8,3.5,32.08,0.8,0
53522318,62.13,8,-45.01,63.05,0.8,0
53690948,93.24,8,-7.81,58.59,0.8,0
53990039,80.02,8,-7.94,63.31,0.8,0
54179437,58.79,7,-16.07,54.58,0.8,1
54721717,72.61,8,-20.49,82.55,0.8,0
55057476,88.46,8,-0.37,40.54,0.8,0
55480169,91.43,8,17.14,41.39,0.8,0
56823431,65.98,8,-1.59,75.41,0.8,0
57558661,93.32,8,-11.93,29.81,0.8,0
57809216,87.94,8,-15.12,30.15,0.8,0
58041923,69.76,8,-2.99,84.25,0.8,0
58548383,85.25,8,-16.63,44.75,0.8,0
59163655,0.0,0,0.0,100.0,0.8,8
59471439,79.11,7,-12.81,65.33,0.8,1
59981065,100.0,8,0.0,32.11,0.8,0
60270104,97.82,8,4.36,39.84,0.8,0
60401339,75.74,8,-24.23,78.54,0.8,0
60742408,83.16,7,-5.87,36.67,0.8,1
60851962,47.98,5,-36.67,80.33,0.8,2
62722675,78.18,8,-2.2,58.43,0.8,0
63660864,94.88,8,1.9,29.97,0.8,0
64169635,80.45,8,-17.22,47.71,0.8,0
64481181,85.5,8,-29.0,20.42,0.8,0
64732981,84.67,7,-0.79,36.13,0.8,1
65519433,81.54,7,-15.89,42.89,0.8,1
66057568,86.88,8,-10.67,80.3,0.8,0
67581864,74.77,8,-14.38,81.28,0.8,0
67765245,91.04,8,-15.42,56.76,0.8,0
68170960,27.3,4,-64.99,73.32,0.8,3
68533762,94.79,8,-10.42,35.44,0.8,0
68760886,84.12,7,-7.0,44.03,0.8,1
68912516,73.66,8,-19.2,26.26,0.8,0
69106380,26.43,3,-88.57,72.21,0.8,5
69577575,71.71,7,17.64,29.42,0.8,1
69615067,98.31,8,-3.38,42.88,0.8,0
69766313,97.71,8,-0.29,24.03,0.8,0
69974518,64.76,8,-18.42,53.47,0.8,0
70068685,49.85,8,-12.38,75.99,0.8,0
70207680,32.34,4,-20.66,97.41,0.8,4
70210436,51.29,5,-35.2,69.42,0.8,3
70467155,91.77,8,-13.46,46.36,0.8,0
70494079,91.09,8,-4.68,44.27,0.8,0
70532804,68.95,8,-27.01,60.68,0.8,0
70741130,35.75,5,-82.7,68.24,0.8,2
71074830,77.14,7,-17.37,73.26,0.8,1
71347202,72.04,8,-10.24,65.02,0.8,0
71714132,84.37,8,-9.12,72.83,0.8,0
71745365,55.69,8,-24.08,90.6,0.8,0
71897140,81.25,7,-16.67,78.2,0.8,1
73316563,90.18,8,-5.36,48.44,0.8,0
73368913,55.51,5,-2.06,37.21,0.8,2
73572610,85.89,8,-14.78,65.95,0.8,0
73618759,80.06,8,-22.88,38.01,0.8,0
73630812,92.79,8,-9.29,51.26,0.8,0
74105407,95.11,8,-8.35,64.79,0.8,0
75611314,72.38,8,-13.17,54.56,0.8,0
75801763,92.16,8,-4.24,38.86,0.8,0
75858315,25.29,3,-91.67,92.28,0.8,3
76060642,76.54,8,-9.21,37.89,0.8,0
76391613,80.57,7,0.69,46.22,0.8,1
76507076,76.47,7,-2.37,86.63,0.8,1
76647396,56.6,8,-23.18,35.52,0.8,0
77289994,86.49,8,-2.53,41.03,0.8,0
77340750,81.77,8,-17.25,67.41,0.8,0
77384796,53.12,7,-26.33,90.96,0.8,1
77444126,83.99,8,11.48,46.53,0.8,0
77494200,47.12,7,-24.13,90.54,0.8,1
78031580,90.51,8,2.31,45.6,0.8,0
78406188,46.07,4,-15.71,96.31,0.8,4
78552900,37.95,4,-48.2,96.96,0.8,3
78950607,76.29,8,-44.42,75.61,0.8,0
79821067,70.23,8,-6.63,65.89,0.8,0
79951192,83.44,8,-13.93,53.13,0.8,0
80150997,93.4,8,-6.21,40.92,0.8,0
80531466,23.99,3,-91.43,93.88,0.8,5
80606648,97.75,8,4.5,45.0,0.8,0
80760183,95.47,8,-9.06,20.54,0.8,0
81569837,95.31,8,-9.38,58.22,0.8,0
81706345,89.59,8,-6.11,26.4,0.8,0
81741765,90.59,8,-4.68,32.27,0.8,0
82066010,68.93,8,-10.11,79.62,0.8,0
82519651,60.56,6,-26.48,80.77,0.8,1
83974048,55.77,7,-36.54,56.86,0.8,1
83982103,40.7,6,-4.09,86.75,0.8,1
84073928,87.08,8,-18.7,22.07,0.8,0
84323262,85.04,8,-21.49,56.89,0.8,0
84693627,22.92,4,-8.33,59.7,0.8,3
85432232,93.99,8,-6.99,20.51,0.8,0
85952204,72.23,8,-30.4,73.19,0.8,0
86450552,100.0,8,0.0,13.19,0.8,0
86480267,43.93,4,-24.29,85.73,0.8,4
86657420,100.0,8,0.0,40.49,0.8,0
86964735,84.25,8,-11.78,67.16,0.8,0
87089812,93.06,8,-8.87,32.27,0.8,0
87636498,76.08,8,-3.48,45.55,0.8,0
87682575,63.25,8,-14.51,62.05,0.8,0
88408595,87.04,8,-14.2,46.98,0.8,0
88423574,57.07,6,-22.09,90.56,0.8,2
89517857,66.71,7,-26.53,78.23,0.8,1
89951309,68.7,8,-21.67,37.05,0.8,0
90272423,95.58,8,1.17,20.69,0.8,0
90613617,71.85,7,-13.23,70.64,0.8,1
90665092,95.88,8,-8.25,30.98,0.8,0
90743782,59.9,8,-4.96,71.04,0.8,0
91262897,43.6,4,9.39,55.7,0.8,4
91935699,86.35,8,-3.52,74.05,0.8,0
92303132,51.63,7,-37.01,86.32,0.8,1
92809990,85.32,8,6.53,32.39,0.8,0
93133026,100.0,8,0.0,21.81,0.8,0
93489080,78.59,8,-5.39,49.4,0.8,0
93682429,12.5,1,0.0,92.0,0.8,6
93786510,34.76,6,-23.27,91.09,0.8,1
93915612,53.55,5,-21.5,83.61,0.8,2
93925509,43.62,6,-60.73,55.08,0.8,1
93973341,44.68,7,-41.07,80.8,0.8,1
95216424,100.0,8,0.0,26.17,0.8,0
95575949,68.97,6,-0.64,58.04,0.8,2
95770014,19.53,2,-26.93,96.68,0.8,6
96135262,98.75,8,2.5,6.81,0.8,0
96398572,92.26,8,-5.35,61.58,0.8,0
96706041,70.05,8,-22.54,54.66,0.8,0
96792723,62.82,8,-31.94,46.04,0.8,0
97192893,97.5,8,-5.0,34.14,0.8,0
97811465,97.92,8,-4.17,27.6,0.8,0
98417175,47.71,4,9.17,47.92,0.8,4
98524573,69.27,8,-22.56,70.44,0.8,0
99057590,78.91,8,-13.35,79.45,0.8,0
99355503,54.36,6,-35.99,91.6,0.8,2
99911171,0.0,0,0.0,100.0,0.8,8
11344540,96.05,9,-6.08,42.15,0.9,0
11415937,71.53,8,-8.62,86.73,0.9,1
11619654,86.75,9,-18.04,27.38,0.9,0
12237308,93.96,9,-11.58,40.22,0.9,0
13434594,91.68,9,-2.28,56.41,0.9,0
13489175,98.74,9,-0.83,20.13,0.9,0
13584790,78.85,9,-19.01,49.04,0.9,0
14700855,92.63,9,-2.41,38.9,0.9,0
14859968,26.89,7,-26.98,87.55,0.9,2
16052899,90.29,9,-1.7,71.44,0.9,0
16112416,99.02,9,0.0,29.25,0.9,0
16153010,88.89,8,0.0,36.7,0.9,1
16367724,74.6,9,-8.91,60.94,0.9,0
16650465,68.21,7,-2.13,57.44,0.9,2
16729597,55.77,8,-8.9,81.59,0.9,1
17186416,99.64,9,0.0,52.87,0.9,0
17369011,76.32,9,-16.27,49.65,0.9,0
17650346,66.59,7,-17.37,60.35,0.9,2
17954135,77.89,9,-23.41,50.54,0.9,0
18021763,87.08,9,-18.87,64.53,0.9,0
18237587,50.59,6,-9.7,65.94,0.9,2
18256197,96.56,9,-0.6,44.93,0.9,0
18835220,56.44,7,-30.4,73.98,0.9,2
18864892,92.06,9,-17.85,55.96,0.9,0
19236487,16.78,3,5.0,32.2,0.9,4
19304298,90.38,9,-1.04,38.94,0.9,0
19514933,75.4,9,-17.86,58.95,0.9,0
19516358,100.0,9,0.0,17.37,0.9,0
19546495,79.38,9,-30.83,45.85,0.9,0
19581852,77.12,9,12.2,58.15,0.9,0
19758663,94.77,9,-10.88,31.52,0.9,0
20031894,100.0,9,0.0,43.95,0.9,0
20203060,96.03,9,8.93,64.8,0.9,0
20534390,81.18,9,-11.07,65.4,0.9,0
20774325,51.5,8,-26.09,71.72,0.9,1
21399574,86.4,9,-7.74,42.51,0.9,0
22069035,88.95,9,-11.6,42.03,0.9,0
22305824,100.0,9,0.0,20.08,0.9,0
22771717,0.0,0,0.0,43.16,0.9,9
23223428,54.97,8,-35.36,85.95,0.9,1
23706913,83.18,9,-16.35,63.08,0.9,0
24051593,95.48,9,1.83,65.61,0.9,0
24264303,88.98,9,-14.5,47.44,0.9,0
24602305,0.0,0,0.0,92.3,0.9,9
24667465,98.28,9,-3.88,34.37,0.9,0
24774049,76.76,9,-22.78,35.83,0.9,0
24829216,86.06,9,-16.64,42.45,0.9,0
24925539,100.0,9,0.0,16.91,0.9,0
25053710,95.3,9,-9.14,30.94,0.9,0
25199098,80.85,9,-9.11,49.57,0.9,0
25591540,67.59,7,-30.56,85.26,0.9,1
25624838,73.61,7,-12.5,49.3,0.9,1
26550709,64.73,8,-19.5,49.29,0.9,1
26822069,94.13,9,-13.21,29.63,0.9,0
26823453,95.83,9,-9.38,52.32,0.9,0
26829717,97.29,9,2.5,57.11,0.9,0
27183343,95.07,9,6.1,65.52,0.9,0
27219633,87.1,9,-8.94,39.89,0.9,0
27227646,84.86,9,-7.27,53.07,0.9,0
27276779,100.0,9,0.0,24.01,0.9,0
27811787,99.33,9,-1.5,25.1,0.9,0
27821042,100.0,9,0.0,23.78,0.9,0
28157718,53.23,6,-15.5,88.5,0.9,3
28747258,90.68,9,18.98,22.8,0.9,0
28851363,100.0,9,0.0,31.63,0.9,0
29180761,61.42,9,-17.05,74.93,0.9,0
29219341,97.47,9,2.5,21.08,0.9,0
29238104,100.0,9,0.0,2.88,0.9,0
29619407,67.88,9,-27.19,75.52,0.9,0
29965095,91.56,9,-4.22,33.03,0.9,0
30245378,82.8,9,4.84,40.04,0.9,0
30404921,88.89,8,0.0,31.36,0.9,1
30574788,22.22,2,0.0,98.0,0.9,6
30659534,50.67,6,-15.02,58.12,0.9,2
30938596,89.06,9,-8.72,47.07,0.9,0
31044070,92.07,9,4.17,54.25,0.9,0
31288217,82.19,9,-7.99,41.94,0.9,0
31331355,85.45,8,-0.6,79.35,0.9,1
31466812,84.05,9,8.25,60.92,0.9,0
31483285,79.36,8,-11.11,47.25,0.9,1
31604156,93.85,9,-11.7,72.87,0.9,0
31619745,92.59,9,-16.67,72.7,0.9,0
31655246,83.36,9,-15.15,76.71,0.9,0
31707417,60.47,9,-19.49,78.73,0.9,0
31783869,74.56,9,-15.39,67.87,0.9,0
31870945,66.29,8,-28.85,58.27,0.9,1
32050733,98.24,9,-2.54,47.44,0.9,0
32199265,90.95,9,-13.22,35.25,0.9,0
32202479,35.53,7,-31.43,81.46,0.9,2
32534085,70.34,9,-18.62,69.31,0.9,0
32634975,38.86,8,-18.89,85.28,0.9,1
32712383,92.0,9,-3.26,60.73,0.9,0
32751216,92.83,9,-4.28,41.19,0.9,0
32779192,14.52,3,-95.0,97.0,0.9,4
32973698,93.42,9,-14.81,11.26,0.9,0
33025706,59.44,9,-25.02,67.02,0.9,0
33584628,60.2,7,-34.69,74.73,0.9,1
34026803,26.1,6,-7.4,90.16,0.9,3
34085243,61.4,7,-21.8,87.35,0.9,2
34106098,63.63,7,3.72,62.8,0.9,1
34435608,14.44,2,-30.0,96.92,0.9,7
34534147,81.29,9,4.55,74.94,0.9,0
34826933,93.42,9,-14.81,40.9,0.9,0
34836465,100.0,9,0.0,26.53,0.9,0
35195294,92.13,9,-12.29,22.09,0.9,0
35228724,43.19,8,-33.35,84.41,0.9,1
35638989,72.12,9,-26.88,82.49,0.9,0
35693299,83.74,9,-25.74,62.61,0.9,0
35961483,96.8,9,-7.21,70.23,0.9,0
36207660,96.51,9,-4.65,35.63,0.9,0
36559567,57.51,8,-29.74,65.8,0.9,1
37615874,76.89,9,-20.45,59.83,0.9,0
37802285,86.22,9,5.11,37.64,0.9,0
37949742,80.41,8,-7.93,72.99,0.9,1
39057051,79.15,9,-18.71,70.81,0.9,0
39072447,47.24,7,-15.81,60.91,0.9,1
39591036,11.11,1,0.0,99.0,0.9,8
39671270,74.41,8,14.57,65.9,0.9,1
40745362,87.81,9,-19.42,47.58,0.9,0
41018065,30.51,6,-40.86,86.09,0.9,1
41238410,50.74,5,-16.67,77.71,0.9,3
41238817,85.97,9,-22.16,71.72,0.9,0
41392674,76.32,9,-3.73,71.61,0.9,0
41437101,91.31,9,-19.56,31.5,0.9,0
41749388,98.18,9,-3.69,16.93,0.9,0
41886521,100.0,9,0.0,14.78,0.9,0
42625208,69.34,8,-4.43,45.02,0.9,1
42705350,66.8,9,-39.81,64.08,0.9,0
42843256,100.0,9,0.0,24.29,0.9,0
43867886,92.26,9,-4.42,58.51,0.9,0
44140322,71.45,7,-1.83,65.25,0.9,2
44415509,85.08,9,-8.43,46.85,0.9,0
44435353,75.78,9,-5.24,47.41,0.9,0
44697524,87.03,9,-4.9,74.29,0.9,0
45239869,80.43,8,11.66,58.12,0.9,1
45411597,73.31,8,-18.62,78.35,0.9,1
45581496,82.3,8,-7.68,37.82,0.9,1
46089625,60.68,9,-42.5,76.36,0.9,0
46149948,74.5,9,-18.16,39.47,0.9,0
46298750,73.97,8,-20.34,64.62,0.9,1
47053476,93.31,9,-7.06,30.94,0.9,0
47812491,79.85,9,11.4,57.89,0.9,0
48064815,76.32,8,-14.23,43.44,0.9,1
48200382,20.11,3,-85.71,92.67,0.9,6
48342530,82.54,9,-3.85,73.38,0.9,0
48536684,100.0,9,0.0,18.05,0.9,0
49306699,41.24,6,-36.52,86.69,0.9,3
49456196,97.17,9,-6.38,34.54,0.9,0
51597404,100.0,9,0.0,15.14,0.9,0
51748245,100.0,9,0.0,30.7,0.9,0
52010981,58.36,8,-8.1,74.01,0.9,1
52139328,100.0,9,0.0,36.89,0.9,0
52796411,71.33,9,6.35,60.69,0.9,0
52819296,62.41,8,-35.09,67.73,0.9,1
52889027,98.44,9,3.5,32.08,0.9,0
53522318,63.05,9,-45.51,63.05,0.9,0
53690948,93.99,9,-7.81,58.59,0.9,0
53990039,77.6,9,-15.59,63.31,0.9,0
54179437,62.06,8,-7.5,54.58,0.9,1
54721717,70.75,9,-19.64,82.55,0.9,0
55057476,89.74,9,-0.37,40.54,0.9,0
55480169,92.38,9,17.14,41.39,0.9,0
56823431,69.76,9,10.31,75.41,0.9,0
57558661,94.06,9,-11.93,29.81,0.9,0
57809216,89.28,9,-13.12,30.15,0.9,0
58041923,71.81,9,-0.54,84.25,0.9,0
58548383,85.85,9,-15.98,44.75,0.9,0
59163655,0.0,0,0.0,100.0,0.9,9
59471439,70.32,7,-12.81,65.33,0.9,1
59981065,100.0,9,0.0,32.11,0.9,0
60270104,98.06,9,4.36,39.84,0.9,0
60401339,77.13,9,-17.18,78.54,0.9,0
60742408,85.03,8,-4.4,36.67,0.9,1
60851962,48.22,6,-26.76,80.33,0.9,2
62722675,80.61,9,-2.2,58.43,0.9,0
63660864,95.45,9,1.9,29.97,0.9,0
64169635,82.62,9,-8.22,47.71,0.9,0
64481181,87.11,9,-26.6,20.42,0.9,0
64732981,85.57,8,-0.89,36.13,0.9,1
65519433,83.59,8,-11.92,42.89,0.9,1
66057568,88.34,9,-5.17,80.3,0.9,0
67581864,77.58,9,-4.38,81.28,0.9,0
67765245,92.04,9,-15.42,56.76,0.9,0
68170960,24.27,4,-64.99,73.32,0.9,3
68533762,95.37,9,-10.42,35.44,0.9,0
68760886,85.89,8,-3.75,44.03,0.9,1
68912516,76.58,9,-10.4,26.26,0.9,0
69106380,23.49,3,-88.57,72.21,0.9,6
69577575,74.85,8,17.83,29.42,0.9,1
69615067,98.5,9,-3.38,42.88,0.9,0
69766313,97.96,9,-0.29,24.03,0.9,0
69974518,67.37,9,-10.07,53.47,0.9,0
70068685,49.95,9,-7.63,75.99,0.9,0
70207680,28.74,4,-20.66,97.41,0.9,5
70210436,45.59,5,-35.2,69.42,0.9,4
70467155,92.69,9,-13.46,46.36,0.9,0
70494079,92.08,9,0.32,44.27,0.9,0
70532804,72.4,9,-17.81,60.68,0.9,0
70741130,36.23,6,-58.94,68.24,0.9,2
71074830,68.57,7,-17.37,73.26,0.9,2
71347202,71.62,9,-16.09,65.02,0.9,0
71714132,84.8,9,-3.57,72.83,0.9,0
71745365,49.5,8,-24.08,90.6,0.9,1
71897140,83.33,8,-12.5,78.2,0.9,1
73316563,90.76,9,-6.51,48.44,0.9,0
73368913,58.37,6,0.1,37.21,0.9,2
73572610,84.11,9,-13.73,65.95,0.9,0
73618759,82.27,9,-17.33,38.01,0.9,0
73630812,93.59,9,-6.89,51.26,0.9,0
74105407,84.54,8,-8.35,64.79,0.9,1
75611314,72.82,9,-7.82,54.56,0.9,0
75801763,93.03,9,-4.24,38.86,0.9,0
75858315,22.48,3,-91.67,92.28,0.9,3
76060642,78.04,9,-7.71,37.89,0.9,0
76391613,82.73,8,5.12,46.22,0.9,1
76507076,76.86,8,-0.77,86.63,0.9,1
76647396,61.42,9,-13.98,35.52,0.9,0
77289994,87.99,9,-2.53,41.03,0.9,0
77340750,83.79,9,-9.25,67.41,0.9,0
77384796,47.22,7,-26.33,90.96,0.9,2
77444126,85.77,9,11.48,46.53,0.9,0
77494200,48.55,8,-13.1,90.54,0.9,1
78031580,91.57,9,2.31,45.6,0.9,0
78406188,40.95,4,-15.71,96.31,0.9,5
78552900,33.73,4,-48.2,96.96,0.9,4
78950607,76.7,9,-42.42,75.61,0.9,0
79821067,70.81,9,-12.78,65.89,0.9,0
79951192,85.28,9,-7.53,53.13,0.9,0
80150997,83.02,8,-6.21,40.92,0.9,1
80531466,21.32,3,-91.43,93.88,0.9,6
80606648,98.0,9,4.5,45.0,0.9,0
80760183,95.97,9,-9.06,20.54,0.9,0
81569837,95.83,9,-9.38,58.22,0.9,0
81706345,90.74,9,3.19,26.4,0.9,0
81741765,91.63,9,-4.68,32.27,0.9,0
82066010,70.25,9,-4.91,79.62,0.9,0
82519651,62.32,7,-32.08,80.77,0.9,1
83974048,58.06,8,-22.6,56.86,0.9,1
83982103,36.18,6,-4.09,86.75,0.9,1
84073928,77.4,8,-18.7,22.07,0.9,1
84323262,84.48,9,-26.49,56.89,0.9,0
84693627,28.19,5,1.87,59.7,0.9,3
85432232,94.66,9,-6.99,20.51,0.9,0
85952204,75.32,9,-16.6,73.19,0.9,0
86450552,100.0,9,0.0,13.19,0.9,0
86480267,39.05,4,-24.29,85.73,0.9,5
86657420,100.0,9,0.0,40.49,0.9,0
86964735,86.0,9,-6.98,67.16,0.9,0
87089812,93.84,9,-5.27,32.27,0.9,0
87636498,78.73,9,5.12,45.55,0.9,0
87682575,63.4,9,-13.11,62.05,0.9,0
88408595,86.26,9,-16.6,46.98,0.9,0
88423574,50.73,6,-22.09,90.56,0.9,2
89517857,68.03,8,-24.05,78.23,0.9,1
89951309,70.87,9,-20.82,37.05,0.9,0
90272423,96.07,9,3.17,20.69,0.9,0
90613617,71.77,8,-10.02,70.64,0.9,1
90665092,96.33,9,-6.25,30.98,0.9,0
90743782,61.73,9,-7.26,71.04,0.9,0
91262897,49.86,5,15.1,55.7,0.9,4
91935699,87.86,9,-1.02,74.05,0.9,0
92303132,55.69,8,-12.9,86.32,0.9,1
92809990,86.95,9,6.53,32.39,0.9,0
93133026,100.0,9,0.0,21.81,0.9,0
93489080,80.97,9,4.61,49.4,0.9,0
93682429,11.11,1,0.0,92.0,0.9,7
93786510,30.9,6,-23.27,91.09,0.9,1
93915612,47.6,5,-21.5,83.61,0.9,2
93925509,38.78,6,-60.73,55.08,0.9,1
93973341,39.72,7,-41.07,80.8,0.9,1
95216424,100.0,9,0.0,26.17,0.9,0
95575949,70.55,7,-3.44,58.04,0.9,2
95770014,17.36,2,-26.93,96.68,0.9,7
96135262,98.89,9,2.5,6.81,0.9,0
96398572,93.12,9,-5.35,61.58,0.9,0
96706041,68.6,9,-30.09,54.66,0.9,0
96792723,64.73,9,-23.29,46.04,0.9,0
97192893,97.78,9,0.0,34.14,0.9,0
97811465,98.15,9,-4.17,27.6,0.9,0
98417175,42.41,4,9.17,47.92,0.9,5
98524573,70.06,9,-15.76,70.44,0.9,0
99057590,74.38,9,-24.7,79.45,0.9,0
99355503,48.32,6,-35.99,91.6,0.9,3
99911171,0.0,0,0.0,100.0,0.9,9
11344540,96.45,10,-2.63,42.15,1.0,0
11415937,64.38,8,-8.62,86.73,1.0,1
11619654,88.07,10,-11.79,27.38,1.0,0
12237308,94.57,10,-7.67,40.22,1.0,0
13434594,90.91,10,-3.02,56.41,1.0,0
13489175,88.87,9,-0.83,20.13,1.0,1
13584790,80.97,10,-12.97,49.04,1.0,0
14700855,83.36,9,-2.41,38.9,1.0,1
14859968,24.2,7,-26.98,87.55,1.0,2
16052899,81.26,9,-1.7,71.44,1.0,1
16112416,99.12,10,1.76,29.25,1.0,0
16153010,80.0,8,0.0,36.7,1.0,2
16367724,74.84,10,-5.49,60.94,1.0,0
16650465,63.79,8,-17.1,57.44,1.0,2
16729597,50.2,8,-8.9,81.59,1.0,2
17186416,99.68,10,0.64,52.87,1.0,0
17369011,71.26,10,-21.52,49.65,1.0,0
17650346,61.7,8,-28.61,60.35,1.0,2
17954135,72.23,10,-28.06,50.54,1.0,0
18021763,85.04,10,-20.0,64.53,1.0,0
18237587,45.53,6,-9.7,65.94,1.0,3
18256197,86.9,9,-0.6,44.93,1.0,1
18835220,51.43,8,-40.12,73.98,1.0,2
18864892,83.49,10,-33.02,55.96,1.0,0
19236487,15.1,3,5.0,32.2,1.0,5
19304298,91.34,10,5.89,38.94,1.0,0
19514933,71.2,10,-17.06,58.95,1.0,0
19516358,99.07,10,-1.87,17.37,1.0,0
19546495,71.44,9,-30.83,45.85,1.0,1
19581852,69.41,9,12.2,58.15,1.0,1
19758663,95.29,10,-7.98,31.52,1.0,0
20031894,100.0,10,0.0,43.95,1.0,0
20203060,96.43,10,7.14,64.8,1.0,0
20534390,83.06,10,-0.22,65.4,1.0,0
20774325,47.35,9,-31.92,71.72,1.0,1
21399574,84.43,10,-8.86,42.51,1.0,0
22069035,90.06,10,-4.72,42.03,1.0,0
22305824,100.0,10,0.0,20.08,1.0,0
22771717,0.0,0,0.0,43.16,1.0,10
23223428,49.48,8,-35.36,85.95,1.0,1
23706913,83.4,10,-12.33,63.08,1.0,0
24051593,95.93,10,1.47,65.61,1.0,0
24264303,90.08,10,-3.36,47.44,1.0,0
24602305,0.0,0,0.0,92.3,1.0,10
24667465,98.45,10,-3.1,34.37,1.0,0
24774049,69.09,9,-22.78,35.83,1.0,1
24829216,77.46,9,-16.64,42.45,1.0,1
24925539,100.0,10,0.0,16.91,1.0,0
25053710,95.77,10,-7.31,30.94,1.0,0
25199098,82.76,10,-0.49,49.57,1.0,0
25591540,60.83,7,-30.56,85.26,1.0,1
25624838,69.58,8,-26.04,49.3,1.0,1
26550709,58.52,9,-37.74,49.29,1.0,1
26822069,94.72,10,-10.57,29.63,1.0,0
26823453,96.25,10,-7.5,52.32,1.0,0
26829717,95.26,10,0.28,57.11,1.0,0
27183343,95.56,10,8.88,65.52,1.0,0
27219633,85.06,10,-10.78,39.89,1.0,0
27227646,86.38,10,-1.82,53.07,1.0,0
27276779,100.0,10,0.0,24.01,1.0,0
27811787,99.4,10,-1.2,25.1,1.0,0
27821042,100.0,10,0.0,23.78,1.0,0
28157718,47.9,6,-15.5,88.5,1.0,4
28747258,81.61,9,18.98,22.8,1.0,1
28851363,100.0,10,0.0,31.63,1.0,0
29180761,58.88,10,-16.92,74.93,1.0,0
29219341,97.72,10,4.56,21.08,1.0,0
29238104,100.0,10,0.0,2.88,1.0,0
29619407,61.09,9,-27.19,75.52,1.0,1
29965095,90.5,10,-7.17,33.03,1.0,0
30245378,82.22,10,2.79,40.04,1.0,0
30404921,90.0,9,0.0,31.36,1.0,1
30574788,20.0,2,0.0,98.0,1.0,7
30659534,45.91,7,-40.02,58.12,1.0,2
30938596,90.16,10,-6.98,47.07,1.0,0
31044070,92.87,10,3.33,54.25,1.0,0
31288217,80.77,10,-6.56,41.94,1.0,0
31331355,76.9,8,-0.6,79.35,1.0,1
31466812,75.64,9,8.25,60.92,1.0,1
31483285,79.82,9,-14.31,47.25,1.0,1
31604156,92.86,10,-12.56,72.87,1.0,0
31619745,83.33,9,-16.67,72.7,1.0,1
31655246,82.36,10,-11.05,76.71,1.0,0
31707417,61.76,10,-7.33,78.73,1.0,0
31783869,77.11,10,-5.75,67.87,1.0,0
31870945,59.66,8,-28.85,58.27,1.0,1
32050733,98.41,10,-2.03,47.44,1.0,0
32199265,91.85,10,-10.58,35.25,1.0,0
32202479,31.97,7,-31.43,81.46,1.0,2
32534085,63.31,9,-18.62,69.31,1.0,1
32634975,34.97,8,-18.89,85.28,1.0,1
32712383,92.8,10,3.47,60.73,1.0,0
32751216,92.01,10,-6.49,41.19,1.0,0
32779192,13.07,3,-95.0,97.0,1.0,4
32973698,94.08,10,-11.85,11.26,1.0,0
33025706,55.69,10,-24.41,67.02,1.0,0
33584628,58.72,8,-32.58,74.73,1.0,1
34026803,23.49,6,-7.4,90.16,1.0,4
34085243,56.19,8,-30.52,87.35,1.0,2
34106098,57.27,7,3.72,62.8,1.0,1
34435608,13.0,2,-30.0,96.92,1.0,8
34534147,73.16,9,4.55,74.94,1.0,1
34826933,84.08,9,-14.81,40.9,1.0,1
34836465,100.0,10,0.0,26.53,1.0,0
35195294,92.92,10,-9.83,22.09,1.0,0
35228724,38.88,8,-33.35,84.41,1.0,2
35638989,65.91,10,-33.98,82.49,1.0,0
35693299,76.83,10,-30.7,62.61,1.0,0
35961483,97.12,10,-5.77,70.23,1.0,0
36207660,96.86,10,-2.12,35.63,1.0,0
36559567,51.76,8,-29.74,65.8,1.0,2
37615874,74.27,10,-16.31,59.83,1.0,0
37802285,84.26,10,1.74,37.64,1.0,0
37949742,78.27,9,-18.18,72.99,1.0,1
39057051,80.34,10,-11.01,70.81,1.0,0
39072447,42.52,7,-15.81,60.91,1.0,2
39591036,10.0,1,0.0,99.0,1.0,9
39671270,76.97,9,14.57,65.9,1.0,1
40745362,86.9,10,-19.8,47.58,1.0,0
41018065,27.46,6,-40.86,86.09,1.0,2
41238410,45.67,5,-16.67,77.71,1.0,4
41238817,77.38,9,-22.16,71.72,1.0,1
41392674,73.22,10,-7.04,71.61,1.0,0
41437101,82.18,9,-19.56,31.5,1.0,1
41749388,98.36,10,-2.63,16.93,1.0,0
41886521,100.0,10,0.0,14.78,1.0,0
42625208,62.41,8,-4.43,45.02,1.0,1
42705350,66.26,10,-32.7,64.08,1.0,0
42843256,100.0,10,0.0,24.29,1.0,0
43867886,83.03,9,-4.42,58.51,1.0,1
44140322,64.31,7,-1.83,65.25,1.0,2
44415509,82.84,10,-12.61,46.85,1.0,0
44435353,69.21,10,-15.71,47.41,1.0,0
44697524,81.93,10,-16.72,74.29,1.0,0
45239869,75.98,9,-4.34,58.12,1.0,1
45411597,66.98,9,-30.32,78.35,1.0,1
45581496,80.74,9,-11.01,37.82,1.0,1
46089625,56.64,10,-45.45,76.36,1.0,0
46149948,73.71,10,-17.51,39.47,1.0,0
46298750,67.2,9,-39.76,64.62,1.0,1
47053476,93.04,10,-7.52,30.94,1.0,0
47812491,81.34,10,13.65,57.89,1.0,0
48064815,78.69,9,-14.23,43.44,1.0,1
48200382,18.1,3,-85.71,92.67,1.0,7
48342530,77.52,10,-16.61,73.38,1.0,0
48536684,100.0,10,0.0,18.05,1.0,0
49306699,37.12,6,-36.52,86.69,1.0,4
49456196,97.45,10,-5.1,34.54,1.0,0
51597404,100.0,10,0.0,15.14,1.0,0
51748245,100.0,10,0.0,30.7,1.0,0
52010981,55.39,9,-11.74,74.01,1.0,1
52139328,100.0,10,0.0,36.89,1.0,0
52796411,64.19,9,6.35,60.69,1.0,1
52819296,62.97,9,-31.69,67.73,1.0,1
52889027,98.6,10,2.8,32.08,1.0,0
53522318,56.74,9,-45.51,63.05,1.0,1
53690948,88.96,10,-17.51,58.59,1.0,0
53990039,75.74,10,-18.43,63.31,1.0,0
54179437,61.59,9,-14.77,54.58,1.0,1
54721717,65.5,10,-22.52,82.55,1.0,0
55057476,85.13,10,-11.56,40.54,1.0,0
55480169,93.14,10,13.71,41.39,1.0,0
56823431,67.78,10,7.77,75.41,1.0,0
57558661,92.36,10,-14.15,29.81,1.0,0
57809216,88.75,10,-12.1,30.15,1.0,0
58041923,69.83,10,-5.71,84.25,1.0,0
58548383,80.6,10,-23.72,44.75,1.0,0
59163655,0.0,0,0.0,100.0,1.0,10
59471439,63.29,7,-12.81,65.33,1.0,2
59981065,100.0,10,0.0,32.11,1.0,0
60270104,98.26,10,3.49,39.84,1.0,0
60401339,69.41,9,-17.18,78.54,1.0,1
60742408,82.09,9,-15.48,36.67,1.0,1
60851962,43.67,7,-45.87,80.33,1.0,2
62722675,73.85,10,-19.16,58.43,1.0,0
63660864,95.9,10,1.52,29.97,1.0,0
64169635,84.36,10,0.62,47.71,1.0,0
64481181,88.4,10,-19.36,20.42,1.0,0
64732981,85.05,9,-5.81,36.13,1.0,1
65519433,75.23,8,-11.92,42.89,1.0,1
66057568,84.87,10,-9.0,80.3,1.0,0
67581864,79.82,10,4.5,81.28,1.0,0
67765245,82.83,9,-15.42,56.76,1.0,1
68170960,21.84,4,-64.99,73.32,1.0,3
68533762,95.83,10,-8.33,35.44,1.0,0
68760886,87.3,9,-3.75,44.03,1.0,1
68912516,78.92,10,-1.28,26.26,1.0,0
69106380,21.14,3,-88.57,72.21,1.0,7
69577575,67.37,8,17.83,29.42,1.0,1
69615067,98.65,10,-2.7,42.88,1.0,0
69766313,98.17,10,-0.24,24.03,1.0,0
69974518,68.1,10,-4.08,53.47,1.0,0
70068685,46.16,10,-10.06,75.99,1.0,0
70207680,25.87,4,-20.66,97.41,1.0,6
70210436,41.03,5,-35.2,69.42,1.0,5
70467155,93.42,10,-10.77,46.36,1.0,0
70494079,92.87,10,4.26,44.27,1.0,0
70532804,75.16,10,-6.89,60.68,1.0,0
70741130,32.6,6,-58.94,68.24,1.0,2
71074830,61.71,7,-17.37,73.26,1.0,3
71347202,66.19,10,-27.73,65.02,1.0,0
71714132,86.32,10,3.95,72.83,1.0,0
71745365,44.55,8,-24.08,90.6,1.0,2
71897140,75.0,8,-12.5,78.2,1.0,1
73316563,91.68,10,-5.21,48.44,1.0,0
73368913,52.53,6,0.1,37.21,1.0,2
73572610,79.7,10,-16.11,65.95,1.0,0
73618759,81.91,10,-13.69,38.01,1.0,0
73630812,94.23,10,-3.59,51.26,1.0,0
74105407,86.09,9,-8.35,64.79,1.0,1
75611314,67.01,10,-14.32,54.56,1.0,0
75801763,93.73,10,-3.4,38.86,1.0,0
75858315,20.23,3,-91.67,92.28,1.0,3
76060642,80.23,10,-2.96,37.89,1.0,0
76391613,81.12,9,-3.22,46.22,1.0,1
76507076,72.51,9,-15.44,86.63,1.0,1
76647396,59.25,10,-15.89,35.52,1.0,0
77289994,89.19,10,-2.02,41.03,1.0,0
77340750,82.72,10,-6.4,67.41,1.0,0
77384796,42.5,7,-26.33,90.96,1.0,3
77444126,87.19,10,9.18,46.53,1.0,0
77494200,43.69,8,-13.1,90.54,1.0,1
78031580,92.41,10,1.85,45.6,1.0,0
78406188,36.86,4,-15.71,96.31,1.0,6
78552900,30.36,4,-48.2,96.96,1.0,5
78950607,76.9,10,-32.6,75.61,1.0,0
79821067,64.93,10,-27.83,65.89,1.0,0
79951192,80.75,10,-12.9,53.13,1.0,0
80150997,84.72,9,-6.21,40.92,1.0,1
80531466,19.19,3,-91.43,93.88,1.0,7
80606648,98.2,10,3.6,45.0,1.0,0
80760183,96.38,10,-7.25,20.54,1.0,0
81569837,96.25,10,-7.5,58.22,1.0,0
81706345,90.07,10,6.79,26.4,1.0,0
81741765,88.37,10,-11.94,32.27,1.0,0
82066010,65.62,10,-11.13,79.62,1.0,0
82519651,56.09,7,-32.08,80.77,1.0,1
83974048,62.26,9,-19.27,56.86,1.0,1
83982103,32.56,6,-4.09,86.75,1.0,2
84073928,69.66,8,-18.7,22.07,1.0,2
84323262,83.9,10,-25.46,56.89,1.0,0
84693627,25.67,6,-14.42,59.7,1.0,3
85432232,95.19,10,-5.59,20.51,1.0,0
85952204,69.15,10,-19.5,73.19,1.0,0
86450552,100.0,10,0.0,13.19,1.0,0
86480267,35.14,4,-24.29,85.73,1.0,6
86657420,96.67,10,-6.67,40.49,1.0,0
86964735,81.94,10,-12.67,67.16,1.0,0
87089812,94.45,10,-1.34,32.27,1.0,0
87636498,74.86,10,-1.02,45.55,1.0,0
87682575,61.6,10,-13.22,62.05,1.0,0
88408595,82.27,10,-21.93,46.98,1.0,0
88423574,45.66,6,-22.09,90.56,1.0,2
89517857,65.2,9,-23.08,78.23,1.0,1
89951309,69.15,10,-22.88,37.05,1.0,0
90272423,96.47,10,4.13,20.69,1.0,0
90613617,67.46,9,-19.46,70.64,1.0,1
90665092,96.7,10,-3.4,30.98,1.0,0
90743782,55.56,9,-7.26,71.04,1.0,1
91262897,44.88,5,15.1,55.7,1.0,4
91935699,79.08,9,-1.02,74.05,1.0,1
92303132,50.12,8,-12.9,86.32,1.0,1
92809990,81.59,10,-8.11,32.39,1.0,0
93133026,100.0,10,0.0,21.81,1.0,0
93489080,77.94,10,1.82,49.4,1.0,0
93682429,10.0,1,0.0,92.0,1.0,8
93786510,31.14,7,-20.76,91.09,1.0,1
93915612,42.84,5,-21.5,83.61,1.0,3
93925509,41.47,7,-52.31,55.08,1.0,1
93973341,35.75,7,-41.07,80.8,1.0,2
95216424,100.0,10,0.0,26.17,1.0,0
95575949,63.5,7,-3.44,58.04,1.0,2
95770014,15.63,2,-26.93,96.68,1.0,8
96135262,98.07,10,0.13,6.81,1.0,0
96398572,90.47,10,-10.94,61.58,1.0,0
96706041,66.44,10,-32.11,54.66,1.0,0
96792723,61.59,10,-21.04,46.04,1.0,0
97192893,98.0,10,4.0,34.14,1.0,0
97811465,98.33,10,-3.33,27.6,1.0,0
98417175,38.17,4,9.17,47.92,1.0,6
98524573,64.79,10,-18.98,70.44,1.0,0
99057590,66.94,9,-24.7,79.45,1.0,1
99355503,43.49,6,-35.99,91.6,1.0,4
99911171,0.0,0,0.0,100.0,1.0,10
